code,weight_kg,stature_cm,chest_girth,waist_girth,hips_buttock_girth,shoulder_girth,sleeveoutseam_length,forearm_length,crotchheight_length,waistback_length
A1A,85.9,171.9,107.5,98.4,104.0,118.0,58.1,26.2,82.4,47.8
A1F,82.7,175.8,104.6,92.4,100.9,116.4,59.4,26.9,85.2,47.4
A1G,80.1,172.8,103.7,92.6,100.5,115.8,58.8,26.6,83.0,47.0
A1W,84.5,173.6,105.4,94.4,103.7,117.2,59.0,26.7,83.5,47.2
A2T,83.9,170.9,105.6,96.6,103.6,115.2,57.5,25.8,81.8,46.6
A3N,79.2,171.0,103.5,91.4,101.0,114.7,57.8,25.9,82.4,45.7
A3Q,89.6,174.5,109.0,99.2,105.9,117.9,58.7,26.5,83.1,48.4
A4C,83.1,172.2,105.7,94.5,102.0,116.6,57.6,25.9,82.5,46.8
A4D,85.3,173.7,106.6,96.4,103.9,116.2,58.6,26.4,83.0,47.7
A4F,86.0,178.2,105.2,93.6,102.7,117.3,60.1,27.1,85.8,47.9
A4G,91.0,177.3,108.7,98.0,105.6,119.7,60.4,27.3,85.3,47.4
A4Y,89.1,177.9,108.1,96.0,104.8,119.5,60.4,27.4,85.9,48.2
A5Q,91.4,175.9,111.1,99.1,105.1,120.7,59.8,26.9,84.9,48.1
A6D,90.1,174.4,110.2,100.5,105.6,118.8,58.0,25.9,82.8,48.8
A6G,76.6,169.2,101.6,89.0,99.6,112.8,57.1,25.6,81.0,46.2
A6T,75.0,167.9,100.4,88.7,100.4,111.4,55.9,25.1,79.4,45.2
A7D,71.0,167.1,96.8,85.7,100.8,107.8,55.9,25.0,80.8,43.8
A7U,78.4,175.1,102.3,87.9,98.8,116.5,59.0,26.7,84.7,47.0
A7V,87.8,171.4,109.4,99.6,104.0,118.5,57.5,26.0,82.0,47.7
A8Q,81.9,177.4,102.4,88.3,99.7,116.9,60.0,27.3,86.4,47.2
A8T,69.2,164.9,95.3,86.3,100.4,106.5,55.2,24.6,78.6,43.4
B0Q,78.3,173.1,101.9,90.3,99.5,113.9,57.9,25.9,82.8,46.0
B1F,81.6,173.2,104.5,93.2,102.2,114.8,58.3,26.1,82.9,47.1
B2A,80.0,174.7,102.2,89.9,100.3,115.4,59.0,26.4,84.1,46.7
B2F,75.8,173.3,100.1,87.5,98.5,113.1,58.6,26.5,84.1,46.3
B3C,70.1,170.3,95.7,83.1,96.5,109.6,58.1,26.2,83.2,44.6
B3Q,73.5,175.5,97.0,82.7,96.1,113.6,59.6,27.2,85.5,46.4
B4H,79.9,170.3,104.4,92.5,101.3,114.8,57.3,25.7,81.5,46.4
B4T,73.1,169.2,97.9,86.5,99.8,110.1,57.0,25.6,81.0,45.3
B5B,77.9,175.2,101.7,87.4,98.3,114.5,59.9,27.1,85.4,47.0
B5Q,66.9,167.5,94.6,81.6,96.4,106.6,56.1,25.0,80.0,43.7
B5V,88.4,179.4,107.3,94.7,102.8,120.1,60.6,27.2,86.7,48.9
B5Y,83.7,179.3,103.7,90.3,100.6,118.2,60.5,27.5,87.1,47.7
B6D,67.0,163.7,94.9,84.4,99.4,103.6,54.4,24.1,78.3,43.1
B6F,92.6,178.9,110.2,97.9,104.9,121.3,61.1,27.6,87.2,48.6
B6K,63.5,162.9,91.5,82.3,97.8,101.7,54.3,23.9,78.2,43.0
B6N,83.5,174.7,105.0,94.3,102.4,116.4,59.4,26.8,84.6,46.8
B6P,87.0,175.6,106.7,95.6,104.2,118.4,59.2,26.7,84.6,48.9
B7J,73.9,172.2,98.6,85.0,97.7,112.5,58.1,25.9,83.3,46.1
B7N,89.0,176.3,107.2,96.9,105.5,118.9,58.8,26.7,83.6,48.3
B7T,75.7,175.1,99.0,86.2,97.2,113.4,58.9,26.6,84.6,46.6
B7Y,67.5,169.1,94.8,82.7,95.9,106.8,56.8,25.6,81.8,45.1
B8G,63.0,159.5,91.9,82.2,99.4,101.8,53.2,23.6,75.7,41.5
B9J,77.2,168.6,101.3,91.6,101.0,112.4,56.7,25.5,80.7,45.3
B9K,74.1,171.8,99.0,85.6,98.3,112.6,57.5,25.8,81.9,46.2
C0P,78.2,168.5,101.4,92.3,102.8,112.5,56.3,25.3,80.0,45.8
C0R,75.4,174.8,98.4,84.0,97.5,113.4,59.6,27.1,85.5,45.4
C0T,65.1,160.6,94.4,83.7,99.7,103.5,53.5,23.7,77.2,42.1
C0Z,86.8,170.9,107.4,97.0,107.1,115.8,56.6,25.5,81.0,46.6
C1T,65.6,168.4,93.2,80.6,96.0,106.5,56.3,25.3,81.1,43.4
C1V,67.8,169.4,93.6,81.1,95.1,108.5,57.1,26.0,82.0,44.2
C2J,93.6,176.0,112.1,102.5,107.1,120.7,59.1,26.4,83.4,48.4
C2N,68.5,162.0,96.0,88.3,102.4,103.4,54.2,23.8,77.6,42.8
C2R,75.8,176.9,97.5,84.9,97.2,114.3,60.2,27.3,86.7,47.0
C3B,73.2,168.3,100.4,88.1,99.0,110.2,56.6,25.3,80.6,45.3
C3E,77.9,173.5,100.3,88.5,100.2,112.9,58.3,26.3,83.9,46.0
C3T,87.5,177.4,105.5,95.6,103.4,117.8,59.8,27.1,84.6,48.4
C3U,81.9,177.0,102.7,91.6,100.7,115.5,59.8,27.0,86.2,47.4
C3W,72.9,173.7,97.3,83.6,96.8,112.1,58.3,26.3,83.6,45.7
C4H,72.8,165.3,98.8,89.9,103.1,106.4,55.5,24.8,79.2,44.1
C5D,77.1,165.5,102.3,93.4,102.9,110.0,55.5,25.0,79.6,44.4
C5F,85.1,178.4,105.5,90.2,102.0,118.7,60.5,27.4,86.4,47.8
C5U,77.4,165.4,102.2,93.7,104.0,111.6,54.9,24.5,79.0,44.5
C6B,92.4,173.5,111.6,101.1,106.7,119.8,57.8,25.7,82.0,48.4
C6E,65.8,165.4,92.5,81.7,98.2,104.0,55.0,24.6,79.7,43.1
C6R,95.3,178.3,112.3,100.6,106.5,122.1,60.2,27.3,85.8,48.6
C7A,68.6,171.7,96.3,81.6,93.5,111.4,58.4,26.2,83.2,45.2
C7C,95.5,177.2,112.7,102.8,107.3,121.1,60.1,27.1,84.9,49.8
C7J,87.0,179.8,105.9,91.9,102.2,119.1,61.7,28.0,88.4,48.0
C7V,64.2,162.0,92.3,82.9,100.0,101.7,54.3,23.8,78.0,41.8
C8A,94.2,181.3,110.9,100.1,106.6,122.2,61.8,27.8,87.4,49.4
C8C,66.7,159.1,95.2,87.9,102.3,102.4,52.9,23.7,76.0,41.8
C8P,80.1,170.2,103.3,95.1,103.8,112.8,57.1,25.4,81.1,46.3
C8U,70.0,168.3,96.5,84.8,98.5,107.8,55.9,25.0,81.3,43.9
C9E,65.8,163.4,93.0,82.7,98.7,104.6,54.8,24.6,78.6,42.8
C9F,93.7,179.2,109.6,98.8,106.8,121.2,60.6,27.3,86.6,49.0
C9G,72.7,173.5,96.3,82.3,95.9,112.4,59.0,26.6,84.2,45.3
C9R,76.9,175.7,100.8,87.0,97.1,115.3,60.2,27.2,86.1,46.8
C9V,65.0,165.4,92.1,79.6,96.0,104.8,55.4,24.7,79.8,42.7
D0K,69.2,161.0,97.9,89.8,104.9,103.2,53.2,23.5,75.7,43.0
D0Q,79.1,167.2,102.6,93.4,103.8,112.0,56.0,25.2,79.7,45.5
D1R,70.6,165.4,98.0,86.4,101.2,107.6,54.6,24.2,78.1,43.5
D2B,89.2,172.1,109.8,100.4,105.4,117.6,56.8,25.7,81.3,48.2
D2D,70.3,163.6,97.9,89.2,103.5,104.6,54.5,24.2,78.2,43.4
D2Y,75.0,162.4,101.9,95.0,103.6,109.2,54.1,24.2,77.6,44.3
D2Z,92.4,171.6,112.4,103.3,108.0,120.3,57.4,26.2,81.8,47.7
D3R,96.6,180.8,113.0,100.8,107.8,121.9,60.9,27.7,88.4,49.2
D3V,70.8,174.6,95.6,80.8,94.9,111.6,59.1,26.5,85.0,46.0
D4B,96.8,179.6,113.2,103.5,107.5,121.9,61.0,27.5,86.6,49.9
D4P,78.9,178.9,100.5,86.0,98.9,115.9,61.4,27.6,87.3,47.2
D4U,85.2,181.1,103.7,91.9,101.8,117.6,61.9,28.2,88.9,48.4
D4W,95.7,174.1,111.4,105.1,110.5,120.4,58.2,26.2,82.5,48.7
D5G,81.0,181.1,101.0,86.6,98.5,115.6,61.8,28.3,89.1,47.4
D6A,75.3,167.5,100.6,90.4,101.6,111.5,55.7,24.8,79.3,45.1
D7R,81.5,169.8,105.3,95.9,103.1,114.8,56.4,25.1,80.3,47.2
D8F,70.8,171.2,96.5,83.8,96.8,110.9,57.6,25.7,82.1,45.1
D8Y,69.2,166.5,94.0,85.2,100.4,105.3,55.4,24.4,80.1,43.5
D9B,66.8,167.1,94.5,83.1,98.1,106.9,55.3,24.9,79.8,43.1
D9E,80.3,166.7,103.7,94.0,106.4,112.3,56.0,24.8,79.4,45.5
E0C,92.3,176.3,111.1,100.4,106.1,120.3,59.2,26.6,83.9,49.3
E0P,74.1,164.0,99.1,92.2,106.4,107.3,54.8,24.3,78.6,43.5
E2R,79.0,178.1,100.6,87.6,98.8,116.0,60.9,27.3,86.2,47.8
E3B,90.9,170.1,111.6,102.7,108.8,118.1,56.6,25.5,80.6,46.6
E3D,101.6,181.1,113.5,103.5,110.5,124.0,62.1,27.8,88.1,49.0
E4A,102.5,181.7,113.6,105.7,109.8,123.6,61.0,27.4,86.5,51.4
E4J,85.4,171.0,106.8,96.5,104.8,116.7,57.2,25.4,80.9,46.3
E4Y,69.6,169.4,95.3,82.5,98.4,107.9,56.3,25.2,81.6,44.5
E5E,82.7,179.9,103.5,89.0,99.3,117.6,61.2,27.6,88.0,48.3
E6H,77.8,164.6,105.3,96.0,105.5,110.0,54.2,23.9,77.4,45.0
E6N,93.8,181.8,109.6,98.5,106.9,121.3,62.5,28.1,88.5,49.2
E6U,69.2,161.3,97.3,88.7,102.5,104.3,53.2,23.5,76.8,43.0
E8K,65.4,171.6,92.0,78.5,92.2,108.5,57.2,26.2,83.3,44.9
E8W,61.4,160.9,89.4,79.8,97.2,100.0,53.2,23.7,77.7,41.9
E8Z,72.2,175.6,96.8,82.2,94.3,112.5,59.9,27.6,85.8,46.9
E9E,59.4,162.4,88.7,79.5,96.1,98.8,54.2,23.6,78.3,42.0
E9F,75.2,178.2,97.8,83.5,95.8,113.3,60.3,27.5,87.0,47.5
E9W,87.1,178.7,106.4,94.1,102.3,118.8,61.4,27.5,87.6,48.8
F0A,95.2,173.1,113.2,103.7,107.1,123.0,58.7,26.4,83.0,47.7
F0H,88.6,167.8,110.6,100.5,105.5,119.1,55.8,25.1,78.9,46.4
F0P,99.4,179.3,113.6,104.4,108.1,123.8,60.4,27.2,85.9,49.8
F0Q,97.2,175.2,115.4,105.6,108.3,121.7,59.2,26.6,84.1,49.3
F0Y,59.2,166.0,88.6,76.5,93.3,101.8,55.3,24.7,80.3,43.1
F1H,59.6,163.2,88.0,77.1,96.4,100.1,54.2,24.2,79.3,40.8
F1V,70.4,177.0,96.2,82.1,93.5,111.5,60.6,27.3,87.5,46.2
F2C,90.5,180.4,108.8,97.3,104.9,119.3,61.7,27.6,87.9,49.3
F3Q,62.4,162.2,90.0,80.4,97.2,102.5,54.8,24.6,78.2,42.2
F4B,62.6,167.2,91.2,78.6,93.1,105.4,56.1,25.1,80.8,42.8
F4Q,61.4,159.7,90.2,81.3,98.7,100.5,53.5,23.8,76.2,41.5
F4R,59.4,157.8,89.3,79.6,97.0,99.6,52.7,23.4,75.9,40.9
F5F,69.1,181.5,92.6,78.1,92.0,111.1,63.3,28.4,90.4,47.5
F5P,76.2,171.9,100.6,88.0,99.5,112.7,56.9,25.7,82.3,45.2
F5Q,82.7,168.2,106.2,98.2,105.7,113.8,56.3,25.4,80.4,45.4
F5W,97.0,175.9,112.7,103.0,109.3,121.0,59.7,27.0,84.4,49.2
F6A,61.4,164.9,89.4,79.0,96.5,103.8,55.3,24.4,79.1,42.1
F6J,89.0,181.7,106.8,94.8,102.4,120.7,62.1,28.4,88.6,48.5
F6P,82.2,179.7,102.1,87.7,99.5,116.1,62.3,27.8,88.0,48.5
F6Z,98.2,175.2,114.9,106.0,108.7,123.8,58.4,26.4,82.7,50.0
F7G,71.7,161.6,99.7,94.9,105.0,104.6,53.1,23.7,75.9,44.2
F7N,65.1,157.7,94.1,84.0,101.3,102.4,52.5,23.1,75.1,40.6
F7P,69.3,174.9,94.4,78.3,93.2,112.2,60.0,27.2,86.0,45.1
F7T,74.8,160.0,102.0,92.9,107.2,106.6,53.1,23.6,75.4,42.6
F7W,55.8,161.8,85.1,75.8,92.6,98.4,54.1,24.0,78.1,41.1
F8B,107.0,182.3,117.6,108.4,111.4,124.3,61.2,27.7,87.1,50.9
F8C,72.1,170.8,100.0,85.3,96.3,110.1,56.9,25.4,82.4,45.4
F8W,84.0,168.7,107.8,97.4,106.8,114.4,55.7,24.6,80.2,45.7
F9B,66.8,170.7,93.7,80.0,93.6,108.4,57.5,26.0,82.4,45.1
F9G,91.2,181.1,107.4,95.0,104.3,119.2,61.7,27.8,88.5,49.0
F9J,66.3,160.5,94.7,85.5,101.0,103.6,52.9,23.6,76.4,42.3
G0C,99.6,177.9,114.2,105.6,110.6,123.2,59.9,27.3,85.7,48.6
G0N,96.4,183.6,111.8,100.6,106.9,122.2,62.6,28.3,89.7,50.3
G0W,66.6,159.2,95.7,89.3,103.2,102.8,52.7,23.3,74.8,42.3
G1C,58.2,160.4,88.2,77.5,95.8,99.1,52.8,23.1,76.4,41.8
G1F,53.9,159.5,83.7,72.8,92.5,96.4,53.2,24.0,77.4,41.1
G1G,49.8,153.0,82.7,71.3,89.6,94.6,50.1,22.2,72.4,39.3
G1Y,66.7,180.3,92.4,75.3,90.5,109.9,62.2,28.5,89.4,46.0
G2N,72.0,166.4,98.3,87.7,98.1,110.0,55.2,24.7,78.9,45.5
G2R,68.0,162.3,93.5,85.6,102.7,104.0,54.9,24.1,77.5,42.8
G2V,88.7,169.8,110.3,103.3,105.9,117.4,57.4,25.6,80.3,48.0
G2W,68.3,171.5,93.7,80.2,93.7,110.0,58.5,26.7,84.0,45.4
G3E,78.0,179.3,100.2,85.3,96.4,116.8,61.3,27.9,88.4,47.0
G3G,63.0,158.4,93.9,84.1,99.8,102.4,52.6,23.4,75.4,40.8
G4Q,65.4,172.4,91.0,78.1,93.5,106.9,59.0,26.3,84.4,43.8
G4Z,69.5,179.0,94.4,78.8,92.0,111.9,61.0,27.1,87.3,47.0
G5F,56.4,158.9,87.7,77.4,94.9,97.7,51.6,22.7,74.3,41.5
G5G,85.9,168.3,110.0,99.0,107.1,116.7,56.6,25.4,79.9,46.1
G5H,65.4,168.4,91.5,79.9,95.5,107.2,56.5,25.5,82.6,42.8
G6B,83.5,166.4,106.7,101.3,107.5,114.0,54.9,25.0,79.4,47.0
G6Q,100.2,177.3,116.3,107.3,108.8,123.0,59.5,26.8,85.1,49.8
G6V,67.0,174.0,94.1,77.7,91.8,109.5,58.8,26.3,84.3,45.8
G7U,93.3,169.1,110.7,103.5,112.6,117.8,56.4,25.6,80.4,45.9
G9C,74.5,177.5,98.3,80.4,94.4,115.5,60.8,27.7,88.4,46.0
G9Q,60.6,159.2,89.9,80.5,97.9,99.9,52.0,23.0,75.3,41.2
H0F,104.6,178.3,118.5,110.3,111.0,125.2,59.3,26.9,85.7,50.2
H0Z,60.7,156.8,92.7,84.6,98.7,99.6,51.3,22.6,74.2,41.3
H1B,71.8,180.6,95.1,80.2,93.8,111.5,61.8,28.2,89.2,47.3
H1K,74.4,165.0,98.4,91.6,103.7,108.2,55.0,24.7,78.4,43.4
H2H,72.3,162.0,99.9,89.2,103.9,105.5,54.3,24.1,77.2,42.5
H3E,82.3,165.5,105.5,99.0,106.7,111.1,55.2,24.4,78.2,46.0
H3R,59.8,164.9,88.2,78.6,93.6,102.8,55.0,24.4,79.5,43.5
H4J,99.9,182.6,113.6,101.2,109.9,124.2,61.9,27.9,88.8,48.8
H4K,61.7,167.2,89.1,76.3,92.9,104.7,56.4,25.2,82.0,42.4
H4U,88.5,183.2,105.8,92.7,103.2,119.8,62.9,28.2,89.7,48.5
H4Y,57.6,162.8,87.5,76.4,93.6,100.2,54.8,24.5,78.9,41.7
H5W,86.9,184.3,105.0,90.0,102.5,120.1,62.8,28.4,90.8,48.5
H6P,100.2,175.2,115.5,107.6,110.1,123.4,58.2,26.3,82.0,49.3
H6W,83.6,183.1,103.5,89.4,99.6,116.7,62.9,28.3,90.9,47.2
H7Y,97.5,171.9,115.0,106.0,109.3,124.2,56.6,25.8,81.1,48.3
H8C,102.6,175.8,116.5,110.5,110.9,125.2,58.8,26.7,82.7,50.2
H8F,61.6,157.6,91.8,80.6,100.0,99.6,51.9,22.8,75.0,40.7
H8G,55.7,158.5,87.1,74.1,94.5,98.1,53.0,23.4,75.9,39.8
H8Y,63.4,157.4,93.5,84.8,100.9,100.8,51.2,22.5,73.7,40.6
H9A,84.5,185.4,101.9,91.2,100.5,117.2,63.4,29.1,92.5,48.6
H9F,51.0,152.5,83.6,73.3,90.8,95.5,50.0,22.5,71.6,39.8
H9H,81.0,165.4,106.6,96.5,104.1,113.2,55.9,24.9,77.4,45.0
H9J,78.8,165.3,102.0,94.2,108.1,109.8,55.2,24.5,78.8,43.9
H9K,73.1,163.0,98.4,91.1,107.4,103.6,54.3,23.6,77.2,43.0
H9N,93.5,182.4,109.3,97.0,104.4,121.3,62.6,28.3,88.6,49.9
H9P,88.4,167.5,110.5,104.2,105.9,117.7,54.9,25.0,78.8,47.0
J0U,94.4,170.5,114.6,104.6,107.4,122.8,56.0,25.3,79.7,48.4
J1V,101.3,176.3,116.2,108.6,111.2,124.6,59.4,27.2,83.6,49.7
J2E,58.1,164.2,87.4,74.9,92.7,100.1,54.8,24.6,79.9,41.4
J2J,104.0,178.7,116.5,108.6,111.3,125.7,60.2,27.1,86.0,49.3
J2T,106.4,182.4,115.5,106.8,112.9,126.4,62.0,28.1,88.2,49.6
J2Y,68.2,159.6,97.7,89.6,103.8,102.5,51.8,23.2,74.3,42.3
J3B,62.9,172.5,91.1,76.9,91.2,107.8,58.7,26.7,85.0,44.4
J3C,56.8,159.2,87.8,76.9,94.7,96.9,52.1,22.9,76.6,40.5
J3G,75.6,181.5,98.2,82.1,96.3,114.9,62.3,28.3,88.9,47.3
J3J,108.2,178.5,118.2,111.0,114.3,125.3,61.0,27.4,86.6,50.8
J3K,58.3,154.3,92.2,81.9,97.7,98.3,51.0,22.7,72.3,40.3
J3V,64.5,178.4,90.7,74.1,89.4,107.6,62.0,28.4,89.1,45.1
J4D,71.1,184.2,95.9,79.4,92.8,112.7,63.6,28.7,92.4,46.3
J4T,62.7,165.1,90.3,80.3,95.6,103.7,56.1,25.2,80.1,43.5
J4V,63.6,169.4,92.0,78.3,90.3,108.5,56.8,25.4,81.1,44.3
J4W,76.9,162.5,102.7,93.4,108.1,107.2,53.8,24.2,77.5,43.3
J5B,93.3,171.1,113.0,104.5,110.0,118.1,57.4,25.7,81.4,47.8
J5D,84.3,182.4,103.6,89.4,100.4,118.6,62.1,28.2,90.1,48.0
J5H,96.7,184.0,108.3,98.3,107.9,122.1,63.4,28.7,90.3,49.5
J5V,104.2,180.6,116.9,105.8,111.1,125.3,60.5,27.3,86.8,49.3
J6J,57.4,160.5,88.6,76.7,95.2,100.3,53.5,23.9,76.8,40.4
J8B,95.0,186.0,109.2,100.2,105.0,121.3,64.0,28.7,90.7,49.9
J8E,57.1,160.1,85.7,76.1,95.1,98.4,53.8,24.2,77.7,40.5
J8K,77.8,180.7,98.6,84.4,97.3,113.3,61.8,27.7,90.3,46.8
J9T,100.2,184.0,113.3,102.3,108.3,122.9,63.6,28.7,90.9,50.5
K0F,81.8,183.5,101.8,86.5,99.1,117.4,62.8,28.7,90.4,48.8
K0U,108.4,180.2,118.8,110.5,112.5,125.9,60.5,27.7,87.7,50.2
K1B,87.9,184.8,105.4,91.9,102.2,119.5,64.7,28.9,91.5,48.7
K1G,92.5,164.1,113.2,110.2,116.3,115.4,53.7,23.8,76.2,47.4
K1H,76.3,162.2,102.7,94.2,109.4,106.8,53.6,23.9,76.0,43.8
K1P,64.5,156.9,94.3,88.3,100.8,102.6,52.4,22.7,74.2,41.3
K1R,71.9,159.2,99.8,93.8,106.8,102.7,52.3,23.3,75.5,43.0
K2A,100.6,172.8,116.5,109.6,111.4,121.7,58.7,25.9,82.4,49.6
K2D,100.6,171.6,115.5,107.5,111.9,123.0,56.3,25.6,81.0,48.6
K2F,64.4,176.3,92.8,76.8,89.5,109.3,59.5,26.5,86.0,45.8
K2H,102.1,173.9,116.7,111.0,113.2,121.1,57.5,26.0,81.1,50.2
K2J,59.3,156.2,89.3,78.2,99.8,99.4,51.7,22.7,73.2,40.5
K2R,51.4,160.6,85.1,72.0,88.7,96.4,53.9,23.4,78.0,42.0
K2V,67.6,155.7,96.5,88.8,103.4,102.6,51.7,22.8,72.8,41.7
K2W,67.0,177.5,92.2,76.8,91.6,109.6,60.6,27.4,87.8,45.7
K6E,55.2,156.1,87.9,78.0,94.8,96.8,50.8,22.1,73.8,40.5
K6G,89.5,164.7,111.9,108.8,113.9,112.8,53.4,23.4,75.7,46.5
K7E,51.1,152.4,85.2,74.1,91.6,95.1,49.6,21.7,72.1,38.8
K7K,98.3,182.9,113.3,102.0,109.4,121.8,62.8,28.4,88.8,48.9
K7U,62.6,168.9,89.2,78.0,92.5,106.1,57.6,25.8,82.9,44.1
K7Z,91.1,184.0,108.5,92.1,102.8,123.2,62.5,28.7,90.8,50.1
K8R,87.8,164.6,111.9,100.6,106.7,118.3,54.5,24.6,76.3,45.7
K8V,58.1,166.5,87.2,72.1,91.3,103.9,56.2,25.5,80.4,41.9
K8Z,79.6,181.4,99.8,86.6,96.7,116.5,61.8,28.3,89.8,48.1
K9E,57.1,164.5,85.0,74.0,91.4,100.9,55.1,24.9,79.9,41.9
N0F,59.1,169.2,87.1,75.2,92.0,102.1,57.4,25.8,83.5,42.8
N0H,68.4,175.6,93.6,78.1,91.3,111.2,60.1,27.3,86.7,46.4
N0N,65.4,156.4,96.5,87.4,102.3,101.6,51.3,22.6,74.1,42.7
N1A,73.7,183.1,96.9,82.0,94.6,113.2,62.4,28.3,90.4,48.1
N1Q,56.9,153.3,89.2,80.0,97.0,97.9,50.5,22.1,72.0,39.7
N1W,113.8,188.4,118.6,108.6,114.2,129.7,64.9,29.2,91.6,52.0
N1Z,92.1,182.2,109.0,96.1,104.0,121.5,63.1,28.6,90.3,48.4
N2K,101.8,182.8,113.4,106.6,108.8,122.4,63.6,28.6,90.5,49.8
N2Q,103.4,183.8,114.5,106.0,112.5,123.8,62.1,27.8,89.4,50.6
N2R,85.4,183.7,104.6,91.0,100.6,118.3,63.2,28.9,90.8,48.6
N2T,55.6,161.1,84.0,73.0,92.2,99.0,54.3,24.7,79.2,40.3
N2V,107.7,184.3,117.3,107.2,111.3,126.2,63.2,28.7,90.8,50.3
N2W,72.6,180.9,96.8,83.6,93.6,110.8,61.5,27.9,88.6,46.9
N3F,53.9,160.2,86.7,73.4,92.0,97.2,52.6,23.5,76.3,41.5
N3J,104.8,177.0,117.4,112.1,113.8,123.8,59.4,26.8,85.1,50.8
N4F,108.2,180.4,117.4,108.7,112.8,127.4,63.3,28.6,88.7,50.0
N4T,70.0,157.1,101.7,95.8,104.8,103.8,52.0,23.3,73.5,43.5
N5K,52.9,159.4,83.9,71.0,91.4,95.6,52.8,22.8,75.3,40.8
N5V,55.3,154.0,89.2,78.9,94.5,97.5,50.5,22.0,72.5,40.5
N6F,110.3,181.7,120.0,112.4,114.2,125.9,62.9,28.7,88.6,52.8
N7Z,100.2,170.3,117.5,112.1,113.3,121.3,56.2,25.4,78.9,49.7
N8F,50.0,153.3,82.3,69.4,88.6,94.3,50.1,22.6,73.0,38.7
N9F,118.2,186.8,122.7,111.1,116.7,130.9,64.8,30.3,92.3,50.4
N9J,48.1,156.4,82.2,69.2,89.7,93.3,51.4,23.0,74.0,40.5
N9Q,85.1,160.0,109.3,103.6,114.2,110.7,52.1,23.0,73.5,44.5
N9V,97.6,164.5,118.7,107.6,114.8,119.3,53.7,23.8,77.4,48.4
P0K,69.4,173.6,95.2,80.0,93.0,111.7,59.5,27.4,83.9,46.1
P1H,81.9,165.2,105.3,103.0,111.0,108.0,55.5,24.7,78.2,44.3
P1R,97.3,172.6,114.9,107.9,109.2,121.2,57.8,26.1,82.2,47.8
P1V,78.1,162.9,103.7,99.8,105.9,111.2,54.0,24.0,76.4,45.5
P2C,71.3,160.0,99.7,91.3,107.4,101.9,53.1,23.7,76.1,41.2
P2W,89.6,166.7,110.7,104.1,109.5,118.5,54.7,24.7,78.7,46.9
P3N,67.2,173.5,93.3,77.6,91.1,108.6,59.3,26.9,85.3,45.6
P4A,91.2,184.7,106.9,90.7,103.8,121.8,63.9,28.8,91.2,49.6
P4P,60.2,173.3,89.4,75.0,88.3,106.2,57.6,25.8,82.9,45.8
P4Q,75.2,160.6,102.6,96.5,109.0,104.1,52.5,23.4,75.2,43.6
P5E,90.8,166.3,111.6,104.9,112.0,115.6,55.1,24.5,77.4,47.1
P5J,107.8,183.5,117.5,108.4,110.9,126.0,63.1,28.9,89.6,50.1
P6H,81.2,162.5,108.4,100.6,109.9,108.3,53.4,23.3,76.0,44.4
P6R,93.9,187.1,107.7,94.8,104.0,122.7,64.4,28.9,92.8,49.9
P7G,58.1,170.1,87.6,74.8,90.1,102.9,57.7,26.4,82.9,42.8
P7K,110.6,182.6,121.5,112.0,111.4,128.9,61.1,27.4,88.1,50.6
P7T,109.1,186.4,118.2,106.4,113.4,126.9,64.1,29.2,91.7,51.1
P8A,110.8,178.6,121.2,113.0,116.0,128.8,59.4,26.8,85.7,49.7
P8F,58.2,152.5,90.1,81.9,98.1,97.3,50.2,21.9,72.4,39.5
P8N,83.9,166.0,111.5,100.8,105.7,114.7,54.6,24.3,78.2,47.5
P9K,59.4,167.0,87.6,75.1,91.9,102.2,55.9,25.0,80.6,42.7
P9W,59.3,167.2,88.2,75.7,91.4,103.4,57.5,25.7,81.0,43.8
P9Y,101.8,183.5,113.2,106.2,109.4,122.8,62.6,28.5,88.6,51.9
Q0F,81.0,162.3,107.5,98.8,109.5,110.6,54.0,24.0,77.3,42.8
Q0J,75.3,161.3,102.4,99.9,107.8,105.2,53.1,23.6,75.4,46.2
Q0Y,97.2,168.4,114.1,107.0,110.4,122.6,56.3,25.6,79.9,47.2
Q0Z,99.7,186.1,112.4,102.2,107.3,123.5,63.8,29.2,91.4,49.2
Q1A,56.4,164.2,84.9,75.4,89.1,99.7,55.6,24.8,81.9,42.3
Q1P,103.3,174.9,118.4,111.2,112.4,123.0,59.2,26.1,82.9,51.3
Q1Q,53.6,163.9,83.0,73.4,91.3,98.0,54.4,23.9,80.5,41.4
Q1R,61.2,174.0,90.8,76.0,88.2,107.4,58.4,26.8,85.1,46.3
Q1Y,99.5,186.7,113.4,102.6,109.7,122.6,65.9,29.1,91.6,50.6
Q2G,79.7,185.2,100.7,86.2,98.2,115.8,63.8,28.7,90.4,48.4
Q2T,109.5,177.5,119.7,112.0,113.4,126.3,58.3,26.4,85.0,50.5
Q2U,62.7,155.8,95.6,83.4,100.6,102.8,50.6,22.2,72.4,41.1
Q3Y,68.9,156.0,101.1,92.1,105.3,101.6,51.1,23.4,72.6,41.7
Q4A,106.9,174.7,119.4,109.5,113.9,125.4,58.0,26.5,80.6,50.4
Q4B,56.3,155.6,86.8,76.5,94.4,99.8,51.7,23.0,74.1,38.9
Q5K,82.4,161.5,105.7,103.0,112.1,109.1,53.0,23.7,75.7,44.9
Q5P,78.9,159.7,104.7,102.1,107.9,110.2,52.2,23.4,72.9,46.1
Q5V,77.2,182.1,100.8,84.2,94.6,115.8,63.4,29.0,91.1,47.2
Q6B,95.5,169.2,116.4,109.6,115.8,117.2,55.5,24.8,79.9,48.1
Q6D,64.2,154.2,96.3,88.5,100.4,100.1,50.6,22.1,71.7,41.7
Q6Y,50.0,161.0,82.1,69.9,89.0,94.2,52.6,23.2,77.1,41.7
Q7F,114.6,185.4,119.6,110.4,116.3,129.7,61.3,28.2,88.2,51.3
Q7G,87.8,159.1,113.1,107.5,117.9,110.5,52.5,23.5,74.4,44.6
Q8A,76.4,156.5,103.4,95.0,108.1,105.4,51.4,22.7,72.3,42.5
Q8B,83.4,166.0,105.5,100.8,112.6,108.0,55.6,23.7,77.2,46.4
Q8C,86.9,164.2,112.2,103.6,105.6,117.6,53.6,24.3,76.0,47.5
Q8F,56.7,167.6,86.6,72.9,90.1,100.9,56.2,25.7,83.3,40.8
Q9E,68.6,158.6,101.5,91.4,101.4,107.7,51.3,22.5,73.6,41.6
Q9P,95.6,187.3,109.7,99.4,105.4,123.6,64.8,29.4,91.4,50.4
R0U,109.2,183.2,117.9,111.1,111.8,125.0,61.3,27.4,88.9,52.9
R1B,101.7,187.1,113.5,101.1,108.1,123.6,64.1,30.1,92.4,50.8
R1V,54.6,166.7,83.8,71.7,89.8,98.6,55.7,25.1,81.7,42.3
R2A,92.0,185.0,106.8,96.3,102.1,120.3,64.9,29.5,94.5,48.9
R2F,54.1,157.5,87.0,72.4,93.1,97.1,51.3,22.6,74.6,40.3
R2Q,108.3,179.3,120.3,114.7,114.3,123.5,60.1,26.9,86.5,50.5
R2R,65.5,176.1,91.9,75.6,88.5,110.2,60.0,26.8,87.0,44.5
R3B,112.0,184.5,116.6,107.7,114.3,129.2,62.7,28.4,88.7,52.1
R3T,100.1,190.2,111.7,101.2,106.9,121.6,64.9,29.8,92.9,51.0
R4F,61.1,174.5,89.2,72.5,89.5,106.3,59.2,26.9,85.9,44.2
R4H,79.4,185.0,99.4,85.1,97.4,116.5,64.2,28.9,91.7,49.5
R4J,69.5,155.3,103.1,94.2,106.8,103.7,51.0,22.8,73.4,40.8
R4Y,101.2,191.2,109.4,93.9,108.4,124.9,65.0,29.8,93.4,50.3
R5N,111.1,178.0,121.4,115.5,114.4,127.4,61.4,27.7,85.7,52.5
R6C,61.6,176.4,90.0,75.1,86.0,106.1,60.0,28.0,88.1,46.1
R6W,119.7,189.4,123.5,114.9,117.9,128.0,65.0,29.5,91.6,50.6
R7U,62.7,171.2,90.4,73.8,88.9,110.2,58.0,25.6,81.8,44.9
R8D,92.5,168.2,111.3,105.1,111.2,117.8,56.1,25.3,77.5,48.0
R8U,91.2,183.4,111.1,97.6,102.1,120.8,64.7,29.3,90.0,49.6
R9H,98.5,184.9,113.0,99.7,105.7,124.0,64.6,29.3,91.3,50.6
T0E,84.8,163.4,105.2,103.3,113.8,107.0,54.4,24.4,76.8,45.2
T0P,57.7,158.7,87.8,78.6,99.0,96.4,51.2,22.5,75.3,40.2
T0T,93.5,165.9,116.2,107.8,107.7,120.4,55.6,25.0,78.1,47.6
T0Z,76.4,159.4,103.8,102.1,109.2,106.1,52.4,23.9,74.6,44.8
T1Q,76.8,182.6,99.4,83.2,95.8,116.1,62.8,28.0,90.2,48.5
T1R,77.2,159.4,104.0,94.3,108.3,107.1,51.9,23.5,73.6,43.0
T1W,56.8,169.9,85.0,68.8,91.0,101.0,57.0,24.5,84.1,42.5
T1Y,52.0,157.6,82.0,74.1,92.0,94.2,52.0,22.7,75.0,41.8
T2B,108.0,183.4,118.4,108.6,114.3,125.3,63.9,29.1,90.2,52.5
T2U,106.6,189.7,115.1,106.2,112.1,123.8,64.8,29.4,92.2,52.0
T3F,51.4,161.0,83.6,71.7,90.0,92.8,54.8,24.2,79.0,40.4
T3K,59.8,152.8,92.3,81.2,100.3,99.1,50.6,22.6,72.3,39.1
T3Q,56.0,168.6,86.5,74.2,85.0,105.0,58.2,26.1,82.0,44.6
T4K,103.9,171.2,119.7,111.4,110.8,127.5,57.0,25.8,79.9,48.8
T4N,111.3,179.6,120.6,113.9,117.3,124.8,62.4,28.0,87.9,48.4
T4V,51.0,159.2,80.4,73.0,91.8,93.0,52.8,23.5,76.9,42.0
T5A,92.6,185.0,109.0,91.0,100.6,124.1,65.0,30.5,93.0,47.9
T5C,69.0,155.8,100.2,88.9,104.0,104.0,50.0,22.3,73.5,40.6
T5F,106.5,172.2,123.4,114.4,112.1,125.4,59.0,26.9,82.9,50.4
T6J,75.7,158.1,102.3,97.6,110.8,106.2,51.3,23.1,73.4,45.5
T6K,52.1,162.6,79.7,69.6,89.2,96.6,54.4,24.2,79.3,40.0
T6P,113.0,190.6,121.1,108.0,111.4,130.9,65.5,29.3,93.3,52.8
T6V,56.0,169.2,87.0,70.7,87.5,102.0,58.6,26.7,83.8,43.7
T7N,85.0,185.8,103.4,85.4,98.0,119.0,64.4,29.3,94.2,47.9
T7U,104.4,172.8,116.1,111.6,118.4,119.3,57.4,24.9,81.8,49.8
T7W,113.9,192.4,116.7,109.9,113.1,127.7,65.9,30.0,93.2,52.3
T8H,107.9,184.9,114.1,107.3,109.8,126.1,64.6,28.6,92.0,49.4
T9E,95.8,169.3,112.3,107.7,115.1,121.4,55.4,25.9,78.6,47.1
T9H,58.9,170.7,86.4,75.8,89.6,102.5,58.6,27.1,83.8,43.8
T9Y,67.8,178.3,92.8,79.3,91.5,111.9,61.0,27.8,87.5,47.7
U0F,83.8,164.1,111.0,106.9,113.1,108.0,54.1,24.0,77.5,47.9
U0J,91.1,186.3,103.6,89.2,102.3,118.1,64.2,29.8,92.3,49.3
U0N,106.3,186.0,115.6,106.0,112.3,125.6,64.3,29.8,91.0,51.4
U0R,95.2,166.8,117.6,107.4,106.5,126.4,54.0,24.3,77.6,46.6
U1E,71.1,158.2,102.7,96.4,106.2,105.0,52.5,21.7,75.2,44.5
U1R,83.5,183.1,101.1,89.7,97.9,120.8,63.5,29.5,92.8,49.0
U1U,59.9,154.2,89.9,84.1,99.3,98.2,50.7,21.7,70.2,42.4
U2Q,84.9,187.8,103.3,90.5,101.2,118.8,66.6,29.2,93.2,48.3
U3B,105.0,171.5,122.8,115.5,110.9,128.4,58.8,25.7,81.7,49.6
U4Z,102.4,191.3,110.7,103.4,109.7,125.3,66.0,30.2,94.1,50.4
U5A,101.5,187.2,113.4,106.4,105.6,128.8,63.8,29.5,89.4,52.5
U5P,97.1,168.7,116.6,109.7,113.8,120.6,56.6,26.4,78.4,49.8
U6A,85.5,161.5,110.3,105.1,114.9,107.4,56.3,23.4,77.2,41.4
U6E,86.3,161.6,114.4,111.6,113.0,110.7,57.0,24.5,77.8,47.5
U6Y,93.8,186.7,107.3,99.4,104.1,121.0,66.0,30.2,93.5,50.4
U7B,58.4,174.9,88.3,73.8,89.9,99.1,59.8,26.2,85.8,44.6
U7Y,53.2,167.6,84.7,70.8,86.7,102.8,57.8,25.7,82.0,43.7
U8J,51.0,161.2,79.7,69.9,90.8,95.4,53.8,23.6,79.6,39.2
U8T,114.1,185.0,118.8,109.8,118.4,129.0,61.0,27.1,88.9,52.6
U9B,56.3,162.3,79.4,73.3,89.8,100.6,54.2,24.0,82.3,43.4
U9T,93.5,185.2,108.8,95.7,104.8,117.5,65.5,29.3,91.4,53.8
U9V,102.4,189.0,121.9,103.4,105.8,128.3,65.3,29.9,89.9,50.7
V1G,50.2,161.2,82.9,73.5,88.2,97.5,57.2,26.0,80.7,44.5
V1J,109.9,187.0,113.4,95.2,114.4,126.4,65.9,30.4,95.1,47.7
V1N,50.5,150.7,84.3,74.1,91.1,93.4,48.1,21.4,70.2,39.5
V1P,73.8,185.0,95.5,79.9,93.7,112.8,64.2,29.5,93.5,48.0
V2J,129.2,182.4,127.8,124.5,124.1,130.8,63.0,28.4,87.3,53.0
V3F,75.9,187.0,96.9,80.7,95.7,115.4,65.4,29.8,94.2,47.5
V4F,59.3,174.7,89.0,73.3,85.9,107.0,59.6,27.1,86.4,45.4
V5C,123.4,185.2,122.8,117.8,120.9,130.7,64.1,28.8,89.9,53.0
V5R,121.8,187.4,124.4,115.5,116.6,130.7,64.6,28.8,92.1,51.5
V6J,64.7,154.4,98.4,90.1,101.0,101.0,50.1,21.8,71.6,41.2
V7Q,136.0,182.9,133.4,130.9,125.4,133.8,61.5,27.8,87.1,53.7
V7W,80.6,189.4,98.9,83.0,97.4,117.0,64.9,29.6,95.0,48.4
V8D,124.0,189.4,123.5,118.2,118.3,132.0,64.0,28.8,91.3,53.3
V8H,46.8,155.0,79.4,67.5,86.9,92.5,50.7,22.9,74.6,39.2
V8J,120.3,173.2,127.0,124.0,121.6,130.1,57.9,26.5,83.0,51.0
V9T,112.8,172.0,120.6,120.3,119.4,124.5,56.8,26.0,80.1,52.2
W0H,110.4,175.1,121.1,114.8,118.1,126.6,58.0,26.0,82.4,50.1
W0J,102.3,167.6,118.4,114.9,116.3,122.4,55.8,25.4,77.8,48.6
W1G,115.5,182.1,124.2,115.8,114.2,131.8,61.2,27.8,85.8,51.4
W1T,82.7,189.0,99.5,85.4,98.1,116.8,65.9,30.6,96.3,49.0
W2A,76.2,153.9,105.7,99.4,111.0,107.7,50.6,22.3,71.6,41.9
W2C,116.6,179.1,125.4,115.6,114.2,130.4,58.8,27.1,85.1,50.8
W2J,78.8,157.8,105.2,100.2,113.0,105.4,51.6,22.7,73.7,42.7
W2Q,69.4,155.3,100.8,95.1,106.0,102.7,49.7,22.3,71.6,44.2
W3E,57.3,151.5,88.6,83.6,99.1,96.9,49.3,21.7,70.9,41.1
W3J,83.2,156.2,110.4,106.0,110.9,111.8,50.8,22.6,71.2,44.6
W4B,101.9,166.2,119.8,111.8,115.0,123.8,54.0,24.5,77.4,47.7
W4C,114.0,179.7,118.1,115.5,118.5,126.8,60.8,27.3,85.3,52.3
W5C,67.8,154.5,97.1,93.5,104.8,103.1,50.3,22.3,71.5,41.3
W7G,90.8,194.8,102.7,87.7,100.9,120.9,69.4,31.8,98.5,50.7
W7K,126.2,181.3,126.4,118.5,119.6,131.6,63.5,28.2,88.6,51.3
W7N,115.2,176.3,120.4,115.6,118.9,131.7,58.6,26.5,81.8,51.0
W7Z,123.5,186.2,124.5,115.6,118.8,130.2,62.6,27.9,88.1,52.0
W8Y,51.7,146.5,87.2,76.1,91.2,94.9,47.6,20.8,69.2,37.7
W9B,62.8,151.0,95.9,86.5,101.4,99.9,49.4,21.8,71.3,39.8
W9F,64.7,152.6,97.5,90.7,104.0,101.7,49.2,22.4,70.1,41.2
W9J,46.4,155.8,80.4,66.0,85.3,94.2,52.1,23.0,74.8,38.2
W9R,58.2,171.0,86.6,72.3,86.4,103.6,59.8,26.7,87.1,42.9
Y0B,108.1,172.2,121.7,112.1,115.4,124.4,57.7,25.2,81.9,49.8
Y0J,83.9,189.0,102.8,88.9,98.7,119.8,64.6,29.2,94.4,50.3
Y0R,113.2,191.0,116.8,108.4,111.8,128.5,66.9,30.3,93.7,52.5
Y0W,109.7,174.9,121.1,114.6,115.8,127.7,59.4,27.0,84.2,51.2
Y0Y,121.5,177.0,129.0,125.7,120.4,132.9,59.0,26.3,81.6,51.5
Y1V,119.0,172.8,124.9,121.3,118.0,131.8,57.3,26.3,81.7,49.6
Y2G,108.8,168.5,118.8,117.3,123.7,119.0,56.7,25.4,79.8,47.5
Y2J,111.3,178.0,121.9,119.8,113.9,128.4,58.7,26.3,83.7,50.5
Y2Q,93.6,196.7,105.6,92.2,104.3,120.8,69.0,31.2,98.1,51.4
Y2T,129.3,182.0,130.6,122.7,124.7,134.4,61.0,28.2,87.5,51.7
Y2Z,67.1,151.1,100.8,89.7,108.7,100.0,47.6,21.2,68.6,39.7
Y3F,92.4,192.8,102.1,87.8,102.6,122.4,64.9,30.7,97.5,48.4
Y3P,67.4,152.0,98.8,93.1,106.1,102.7,48.5,21.5,69.1,41.6
Y4A,72.0,149.6,103.6,101.4,110.0,103.0,48.3,20.7,67.0,43.9
Y4G,114.0,178.4,122.1,115.7,120.0,129.8,58.6,26.9,84.7,53.0
Y4U,72.5,157.0,99.9,98.9,110.2,100.4,50.9,21.6,72.8,43.7
Y5E,110.6,170.3,124.6,118.4,115.3,128.0,54.9,25.2,79.5,50.8
Y5K,106.9,192.5,113.7,102.8,112.5,127.0,67.6,31.3,96.1,52.6
Y6E,58.0,151.3,93.1,83.4,98.5,96.0,48.9,21.3,70.2,41.0
Y6G,90.8,188.3,107.0,86.4,99.8,122.8,65.4,29.5,95.5,48.1
Y6K,47.0,160.2,80.2,68.7,80.8,96.5,54.0,24.0,78.2,41.3
Y6R,55.6,168.9,86.4,69.6,84.7,103.1,57.9,25.9,84.7,41.5
Y6V,90.6,192.2,104.8,91.4,102.1,118.1,64.4,28.8,95.7,49.8
Y7Q,53.6,144.2,90.7,78.3,94.7,96.4,43.6,18.5,61.4,40.1
Y8A,109.8,193.7,113.2,98.6,107.6,128.0,68.2,32.0,100.1,50.8
Y8Q,104.3,194.9,111.0,101.4,106.8,123.3,66.6,30.9,99.2,53.6
Y8Z,100.3,193.8,110.5,90.6,108.4,126.2,67.5,30.8,96.2,50.0
Y9B,43.3,155.8,77.6,65.9,82.8,92.0,53.8,23.9,78.3,37.8
Y9Q,53.4,147.3,88.9,78.0,93.4,96.8,46.5,20.1,66.8,40.4
Y9T,92.1,191.2,106.2,91.1,103.2,120.6,66.8,29.8,96.0,51.3
Y9V,74.0,156.1,99.5,90.6,108.0,103.1,49.0,22.2,70.8,41.8
Z0N,116.7,184.4,122.2,118.5,115.8,128.2,61.2,27.1,86.3,53.0
Z0R,44.1,153.9,78.5,65.8,85.0,92.9,52.2,23.6,76.5,38.7
Z0W,114.9,197.1,116.6,107.1,114.0,125.4,69.2,30.6,96.4,51.9
Z1F,95.4,191.0,108.2,91.4,102.4,124.8,66.0,30.2,96.6,47.2
Z1G,99.4,193.4,105.5,93.6,108.8,122.8,66.7,29.5,96.5,51.0
Z1Q,49.0,159.0,78.9,67.4,88.1,93.1,53.2,24.4,78.4,41.0
Z1T,102.8,193.8,107.4,97.4,105.8,125.8,65.4,29.0,95.8,51.3
Z1U,68.3,144.7,101.8,93.7,103.6,97.1,45.9,20.2,67.8,40.4
Z2G,112.6,194.4,115.1,98.0,108.0,134.1,69.5,32.7,101.1,51.6
Z2R,120.1,183.6,127.8,118.6,117.2,134.5,60.8,26.6,87.0,56.4
Z2Z,39.3,160.0,77.4,64.8,73.7,92.5,51.7,23.4,75.8,41.9
Z3A,46.9,165.3,81.4,63.2,83.2,97.6,55.2,26.2,84.0,39.6
Z3B,64.2,149.3,95.1,91.2,104.5,103.0,49.0,22.4,69.1,40.4
Z3D,121.3,175.9,126.1,118.2,121.6,130.1,58.5,27.7,85.6,47.4
Z3K,119.4,177.9,126.0,119.5,118.3,126.7,61.7,27.1,83.2,52.7
Z4R,57.5,150.5,90.3,93.0,100.5,96.5,49.0,20.4,70.8,40.8
Z5G,98.1,192.7,103.5,90.4,106.1,121.3,68.0,31.2,95.1,51.5
Z5U,52.0,171.3,76.6,65.7,92.3,95.2,56.6,26.2,86.9,37.5
Z5W,86.9,192.7,102.7,84.2,97.6,118.1,66.5,31.2,95.6,48.4
Z6A,119.3,180.5,125.7,115.2,118.4,130.4,61.6,27.3,85.5,49.0
Z6P,57.2,151.5,95.9,82.6,96.0,99.0,48.0,21.3,67.4,43.7
Z6R,68.7,153.0,94.3,87.2,103.2,99.0,48.5,21.5,70.9,39.7
Z6T,97.2,194.2,104.7,93.8,108.1,124.8,67.5,30.0,97.9,48.5
Z6W,40.0,155.6,75.7,62.0,83.2,88.1,51.4,23.4,72.8,40.3
Z7E,51.9,146.2,84.5,82.9,92.0,94.9,47.1,21.1,69.5,41.7
Z7G,100.7,193.4,111.2,100.0,109.8,122.5,68.7,29.8,96.6,48.8
Z7N,49.9,146.8,88.1,76.4,91.1,95.4,49.0,21.9,69.7,38.0
Z7R,99.9,192.8,114.5,95.3,104.5,118.6,65.2,29.5,93.4,56.1
Z8G,61.7,149.0,88.8,82.5,102.3,103.5,49.5,22.3,71.3,41.5
Z8J,108.3,174.6,122.8,113.6,117.8,121.5,59.0,26.9,80.5,49.5
Z8T,51.0,162.8,78.0,67.2,92.5,94.9,55.9,25.4,78.9,40.0
Z8W,49.9,162.9,81.4,69.8,86.7,99.2,57.0,26.4,83.1,41.8
Z9Y,95.6,188.1,105.8,96.1,103.6,122.0,65.5,29.8,95.3,52.2
