bodyID,Volume,3DHBSh,Aqua-Calc,Article 1987
0014,0.06491153,66.6,65.56,68.82
0015,0.05696963,58.45,57.54,60.99
0017,0.10545297,108.19,106.51,108.76
0052,0.04821831,49.47,48.7,52.37
0053,0.06504641,66.74,65.7,68.95
0054,0.07759286,79.61,78.37,81.31
0055,0.06902794,70.82,69.72,72.87
0056,0.05374333,55.14,54.28,57.81
0060,0.07799299,80.02,78.77,81.7
0064,0.05579333,57.24,56.35,59.83
0065,0.06388986,65.55,64.53,67.81
0067,0.06185487,63.46,62.47,65.8
0069,0.06125778,62.85,61.87,65.22
0070,0.06709313,68.84,67.76,70.97
0072,0.05311204,54.49,53.64,57.19
0074,0.05210722,53.46,52.63,56.2
0075,0.06595079,67.67,66.61,69.84
0076,0.0682034,69.98,68.89,72.06
0078,0.05991377,61.47,60.51,63.89
0083,0.05605369,57.51,56.61,60.09
0084,0.08187729,84.01,82.7,85.53
0086,0.09709218,99.62,98.06,100.52
0087,0.07291569,74.81,73.64,76.7
0089,0.05261493,53.98,53.14,56.7
0090,0.05683808,58.32,57.41,60.86
0092,0.07252097,74.41,73.25,76.31
0093,0.06243453,64.06,63.06,66.38
0094,0.08223785,84.38,83.06,85.89
0095,0.05074737,52.07,51.25,54.86
0096,0.06950121,71.31,70.2,73.34
0097,0.07486588,76.81,75.61,78.62
0099,0.06382934,65.49,64.47,67.75
0104,0.0600843,61.65,60.69,64.06
0113,0.14475394,148.52,146.2,147.48
0114,0.07071739,72.56,71.42,74.54
0115,0.05774695,59.25,58.32,61.76
0116,0.05514646,56.58,55.7,59.2
0118,0.07186894,73.74,72.59,75.67
0119,0.05061847,51.93,51.12,54.73
0121,0.06549708,67.2,66.15,69.39
0125,0.08357412,85.75,84.41,87.2
0127,0.07709419,79.1,77.87,80.82
0134,0.06439613,66.07,65.04,68.31
0136,0.0533171,54.7,53.85,57.39
0143,0.05234538,53.71,52.87,56.44
0158,0.06016718,61.73,60.77,64.14
0160,0.04991428,51.21,50.41,54.04
0161,0.05713007,58.62,57.7,61.15
0163,0.06111329,62.7,61.72,65.07
0166,0.07178931,73.66,72.51,75.59
0174,0.08308743,85.25,83.92,86.72
0175,0.05650399,57.97,57.07,60.53
0176,0.09650703,99.02,97.47,99.94
0182,0.05632739,57.79,56.89,60.36
0183,0.06063048,62.21,61.24,64.6
0185,0.05970712,61.26,60.3,63.69
0189,0.0624273,64.05,63.05,66.37
0192,0.06628875,68.01,66.95,70.17
0195,0.04631311,47.52,46.78,50.49
0203,0.05406744,55.47,54.61,58.13
0208,0.04824873,49.5,48.73,52.4
0210,0.06708396,68.83,67.75,70.96
0213,0.0901962,92.54,91.1,93.73
0214,0.05733715,58.83,57.91,61.35
0216,0.06176808,63.37,62.39,65.72
0219,0.06981496,71.63,70.51,73.65
0222,0.06684744,68.59,67.52,70.72
0224,0.05711615,58.6,57.69,61.14
0225,0.0587094,60.24,59.3,62.71
0226,0.08980775,92.14,90.71,93.34
0231,0.06323775,64.88,63.87,67.17
0233,0.0649311,66.62,65.58,68.84
0235,0.07594565,77.92,76.71,79.69
0236,0.06773281,69.49,68.41,71.6
0239,0.07540271,77.36,76.16,79.15
0241,0.05869006,60.22,59.28,62.69
0243,0.05451651,55.93,55.06,58.57
0244,0.05487293,56.3,55.42,58.93
0249,0.05422456,55.63,54.77,58.29
0252,0.07299684,74.89,73.73,76.78
0254,0.07141743,73.27,72.13,75.23
0256,0.05868271,60.21,59.27,62.68
0257,0.06370849,65.36,64.35,67.63
0258,0.06209718,63.71,62.72,66.04
0260,0.05753579,59.03,58.11,61.55
0265,0.06059091,62.17,61.2,64.56
0268,0.07161533,73.48,72.33,75.42
0269,0.08499475,87.2,85.84,88.6
0270,0.06810063,69.87,68.78,71.96
0277,0.06100898,62.6,61.62,64.97
0283,0.05720865,58.7,57.78,61.23
0286,0.0681176,69.89,68.8,71.97
0288,0.04665475,47.87,47.12,50.83
0290,0.0558968,57.35,56.46,59.93
0298,0.07266073,74.55,73.39,76.45
0304,0.05560115,57.05,56.16,59.64
0307,0.05820561,59.72,58.79,62.21
0309,0.05583113,57.28,56.39,59.87
0310,0.05146201,52.8,51.98,55.57
0317,0.0752723,77.23,76.03,79.02
0321,0.06181094,63.42,62.43,65.76
0327,0.08922763,91.55,90.12,92.77
0377,0.07703458,79.04,77.8,80.76
0378,0.05890695,60.44,59.5,62.9
0379,0.05925627,60.8,59.85,63.24
0380,0.07346394,75.37,74.2,77.24
0381,0.05351262,54.9,54.05,57.59
0382,0.05647499,57.94,57.04,60.5
0383,0.05927881,60.82,59.87,63.27
0384,0.05592664,57.38,56.49,59.96
0385,0.0581724,59.68,58.75,62.18
0386,0.05809373,59.6,58.67,62.1
0387,0.05567824,57.13,56.24,59.72
0392,0.06203348,63.65,62.65,65.98
0393,0.07193286,73.8,72.65,75.73
0399,0.06345347,65.1,64.09,67.38
0400,0.06226716,63.89,62.89,66.21
0401,0.0819259,84.06,82.75,85.58
0402,0.06615312,67.87,66.81,70.04
0404,0.07078548,72.63,71.49,74.6
0407,0.06097287,62.56,61.58,64.94
0408,0.05165333,53.0,52.17,55.75
0409,0.07232335,74.2,73.05,76.12
0412,0.06013623,61.7,60.74,64.11
0413,0.07660013,78.59,77.37,80.33
0416,0.0751718,77.13,75.92,78.92
0417,0.07241074,74.29,73.13,76.2
0418,0.06984454,71.66,70.54,73.68
0434,0.0609594,62.54,61.57,64.92
0438,0.08618589,88.43,87.05,89.78
0439,0.05678309,58.26,57.35,60.81
0452,0.07330666,75.21,74.04,77.09
0461,0.07040978,72.24,71.11,74.23
0464,0.04953892,50.83,50.03,53.67
0465,0.07177597,73.64,72.49,75.58
0468,0.04491811,46.09,45.37,49.12
0469,0.07636353,78.35,77.13,80.1
0472,0.06664153,68.37,67.31,70.52
0473,0.05645541,57.92,57.02,60.49
0475,0.05341577,54.8,53.95,57.49
0476,0.06935067,71.15,70.04,73.19
0480,0.0483954,49.65,48.88,52.54
0482,0.05020949,51.51,50.71,54.33
0483,0.05890431,60.44,59.49,62.9
0484,0.06050181,62.07,61.11,64.47
0489,0.13407814,137.56,135.42,136.96
0490,0.05657033,58.04,57.14,60.6
0499,0.07111957,72.97,71.83,74.93
0503,0.06267945,64.31,63.31,66.62
0519,0.05749728,58.99,58.07,61.51
0522,0.06591769,67.63,66.58,69.81
0530,0.05585533,57.31,56.41,59.89
0544,0.05974806,61.3,60.35,63.73
0556,0.0539583,55.36,54.5,58.02
0569,0.10092924,103.55,101.94,104.3
0573,0.07897805,81.03,79.77,82.67
0581,0.06435404,66.03,65.0,68.27
0583,0.08560244,87.83,86.46,89.2
0586,0.06057753,62.15,61.18,64.55
0589,0.06987521,71.69,70.57,73.71
0590,0.07519934,77.15,75.95,78.95
0593,0.12574467,129.01,127.0,128.75
0594,0.08078971,82.89,81.6,84.46
0598,0.07262172,74.51,73.35,76.41
0600,0.05323216,54.62,53.76,57.31
0607,0.06962264,71.43,70.32,73.46
0609,0.06177107,63.38,62.39,65.72
0614,0.05937848,60.92,59.97,63.37
0615,0.08965907,91.99,90.56,93.2
0616,0.06395786,65.62,64.6,67.88
0621,0.05931091,60.85,59.9,63.3
0622,0.06484202,66.53,65.49,68.75
0624,0.07088811,72.73,71.6,74.7
0626,0.05112854,52.46,51.64,55.24
0627,0.05154975,52.89,52.07,55.65
0628,0.06924474,71.05,69.94,73.09
0630,0.06630058,68.02,66.96,70.18
0635,0.09074673,93.11,91.65,94.27
0640,0.0883222,90.62,89.21,91.88
0642,0.07430376,76.24,75.05,78.07
0644,0.06951372,71.32,70.21,73.35
0646,0.0605788,62.15,61.18,64.55
0649,0.06152739,63.13,62.14,65.48
0651,0.05882656,60.36,59.41,62.82
0655,0.07191224,73.78,72.63,75.71
0656,0.05259,53.96,53.12,56.68
0662,0.06578541,67.5,66.44,69.68
0663,0.06864093,70.43,69.33,72.49
0668,0.06499536,66.69,65.65,68.9
1032,0.05976349,61.32,60.36,63.74
1035,0.07550401,77.47,76.26,79.25
1038,0.06843323,70.21,69.12,72.29
1039,0.07175939,73.63,72.48,75.56
1047,0.06748163,69.24,68.16,71.35
1050,0.08020159,82.29,81.0,83.88
1056,0.05175056,53.1,52.27,55.85
1057,0.06116067,62.75,61.77,65.12
1058,0.06423581,65.91,64.88,68.15
1060,0.08602046,88.26,86.88,89.61
1061,0.08131389,83.43,82.13,84.98
1062,0.05679941,58.28,57.37,60.82
1063,0.11643995,119.47,117.6,119.58
1068,0.0637884,65.45,64.43,67.71
1070,0.06966479,71.48,70.36,73.5
1074,0.05902072,60.56,59.61,63.01
1076,0.0600199,61.58,60.62,64.0
1077,0.07154191,73.4,72.26,75.35
1078,0.06711347,68.86,67.78,70.99
1079,0.0822169,84.35,83.04,85.87
1081,0.06470953,66.39,65.36,68.62
1083,0.05590766,57.36,56.47,59.95
1084,0.06078625,62.37,61.39,64.75
1086,0.05625119,57.71,56.81,60.28
1087,0.09723222,99.76,98.2,100.66
1088,0.05570695,57.16,56.26,59.75
1089,0.04966285,50.95,50.16,53.79
1095,0.07307682,74.98,73.81,76.86
1096,0.07779882,79.82,78.58,81.51
1098,0.07496635,76.92,75.72,78.72
1100,0.06507689,66.77,65.73,68.98
1101,0.07114602,73.0,71.86,74.96
1102,0.0730329,74.93,73.76,76.82
1105,0.08567122,87.9,86.53,89.27
1109,0.05911109,60.65,59.7,63.1
1116,0.05028261,51.59,50.79,54.4
1118,0.08385596,86.04,84.69,87.48
1121,0.07794943,79.98,78.73,81.66
1123,0.11429885,117.27,115.44,117.47
1124,0.07331386,75.22,74.05,77.09
1125,0.0720882,73.96,72.81,75.89
1127,0.05777295,59.28,58.35,61.78
1128,0.08702072,89.28,87.89,90.6
1130,0.08536393,87.58,86.22,88.97
1132,0.05770203,59.2,58.28,61.71
1136,0.05601835,57.47,56.58,60.05
1137,0.06418116,65.85,64.82,68.1
1138,0.07458194,76.52,75.33,78.34
1139,0.06096875,62.55,61.58,64.93
1140,0.06594548,67.66,66.6,69.83
1141,0.07830625,80.34,79.09,82.01
1142,0.0678228,69.59,68.5,71.68
1144,0.07055475,72.39,71.26,74.38
1148,0.07707402,79.08,77.84,80.8
1150,0.06128414,62.88,61.9,65.24
1152,0.06418237,65.85,64.82,68.1
1157,0.06590815,67.62,66.57,69.8
1158,0.07190043,73.77,72.62,75.7
1160,0.06207738,63.69,62.7,66.02
1162,0.05768274,59.18,58.26,61.69
1163,0.05012408,51.43,50.63,54.25
1164,0.0682882,70.06,68.97,72.14
1166,0.12808322,131.41,129.36,131.05
1167,0.05226239,53.62,52.79,56.35
1168,0.05537566,56.82,55.93,59.42
1171,0.0540447,55.45,54.59,58.11
1174,0.12649275,129.78,127.76,129.49
1175,0.08032479,82.41,81.13,84.0
1177,0.11323262,116.18,114.36,116.42
1178,0.12042789,123.56,121.63,123.51
1180,0.11811176,121.18,119.29,121.23
1182,0.17272166,177.21,174.45,175.03
1183,0.07855098,80.59,79.34,82.25
1184,0.09517099,97.65,96.12,98.63
1194,0.06090735,62.49,61.52,64.87
1195,0.07383963,75.76,74.58,77.61
1197,0.06385089,65.51,64.49,67.77
1198,0.08595754,88.19,86.82,89.55
1200,0.06400192,65.67,64.64,67.92
1201,0.06542225,67.12,66.08,69.32
1202,0.08405441,86.24,84.89,87.68
1207,0.07895766,81.01,79.75,82.65
1208,0.10714012,109.93,108.21,110.42
1209,0.08026411,82.35,81.07,83.94
1210,0.07211916,73.99,72.84,75.92
1212,0.06866487,70.45,69.35,72.51
1213,0.07170743,73.57,72.42,75.51
1214,0.06630265,68.03,66.97,70.19
1215,0.0625587,64.19,63.18,66.5
1304,0.08971419,92.05,90.61,93.25
1305,0.06472187,66.4,65.37,68.63
1307,0.06272441,64.36,63.35,66.66
1309,0.05150824,52.85,52.02,55.61
1310,0.05578065,57.23,56.34,59.82
1311,0.05971203,61.26,60.31,63.69
1312,0.09617985,98.68,97.14,99.62
1313,0.0602343,61.8,60.84,64.21
1314,0.06555206,67.26,66.21,69.45
1315,0.05280141,54.17,53.33,56.89
1316,0.09430187,96.75,95.24,97.77
1319,0.06761928,69.38,68.3,71.48
1321,0.07453019,76.47,75.28,78.29
1323,0.05879122,60.32,59.38,62.79
1324,0.06832016,70.1,69.0,72.17
1331,0.07525779,77.21,76.01,79.01
1336,0.06812165,69.89,68.8,71.98
1341,0.05866626,60.19,59.25,62.66
1342,0.07037406,72.2,71.08,74.2
1345,0.05331499,54.7,53.85,57.39
1350,0.05824022,59.75,58.82,62.24
1356,0.06851558,70.3,69.2,72.37
1359,0.05337753,54.77,53.91,57.45
1360,0.10838257,111.2,109.47,111.64
1361,0.05459471,56.01,55.14,58.65
1362,0.07301522,74.91,73.75,76.8
1363,0.0786446,80.69,79.43,82.35
1365,0.06449208,66.17,65.14,68.4
1368,0.05303588,54.41,53.57,57.12
1369,0.06932577,71.13,70.02,73.17
1372,0.07448832,76.43,75.23,78.25
1373,0.06326967,64.91,63.9,67.2
1374,0.05868069,60.21,59.27,62.68
1375,0.07069053,72.53,71.4,74.51
1376,0.0510666,52.39,51.58,55.18
1378,0.07743915,79.45,78.21,81.16
1379,0.08165839,83.78,82.47,85.32
1381,0.10269745,105.37,103.72,106.04
1382,0.05942268,60.97,60.02,63.41
1387,0.08423439,86.42,85.08,87.85
1388,0.05976166,61.32,60.36,63.74
1389,0.09638068,98.89,97.34,99.82
1390,0.05822644,59.74,58.81,62.23
1391,0.07648096,78.47,77.25,80.21
1396,0.07954449,81.61,80.34,83.23
1399,0.06759232,69.35,68.27,71.46
1400,0.06732776,69.08,68.0,71.2
1401,0.06178677,63.39,62.4,65.74
1403,0.0652052,66.9,65.86,69.11
1405,0.06609171,67.81,66.75,69.98
1407,0.09136701,93.74,92.28,94.88
1409,0.07503573,76.99,75.79,78.79
1410,0.0583833,59.9,58.97,62.38
1413,0.08805086,90.34,88.93,91.61
1414,0.06009122,61.65,60.69,64.07
1415,0.06533235,67.03,65.99,69.23
1416,0.07865823,80.7,79.44,82.36
1417,0.05684915,58.33,57.42,60.87
1418,0.05902412,60.56,59.61,63.02
1419,0.05894962,60.48,59.54,62.94
1420,0.07491867,76.87,75.67,78.68
1421,0.07626648,78.25,77.03,80.0
1422,0.0669386,68.68,67.61,70.81
1423,0.05788806,59.39,58.47,61.9
1424,0.06629678,68.02,66.96,70.18
1426,0.05264003,54.01,53.17,56.73
1427,0.06081992,62.4,61.43,64.79
1431,0.09923984,101.82,100.23,102.64
1432,0.05924406,60.78,59.84,63.23
1433,0.07928842,81.35,80.08,82.98
1434,0.0580984,59.61,58.68,62.1
1435,0.05400027,55.4,54.54,58.07
1436,0.05100232,52.33,51.51,55.11
1441,0.07493333,76.88,75.68,78.69
1442,0.10812046,110.93,109.2,111.39
1448,0.06192619,63.54,62.55,65.88
1449,0.06989114,71.71,70.59,73.72
1451,0.05095409,52.28,51.46,55.07
1452,0.06277733,64.41,63.41,66.71
1453,0.04421273,45.36,44.65,48.42
1454,0.06087223,62.45,61.48,64.84
1456,0.07629696,78.28,77.06,80.03
1458,0.05889006,60.42,59.48,62.88
1459,0.09272553,95.14,93.65,96.22
1460,0.06517241,66.87,65.82,69.07
1462,0.06247225,64.1,63.1,66.41
1464,0.07143843,73.3,72.15,75.25
1467,0.10752394,110.32,108.6,110.8
1468,0.06991408,71.73,70.61,73.74
1469,0.05494556,56.37,55.5,59.0
1470,0.06019065,61.76,60.79,64.17
1472,0.05168647,53.03,52.2,55.79
1474,0.14623923,150.04,147.7,148.94
1475,0.07287236,74.77,73.6,76.66
1476,0.06732875,69.08,68.0,71.2
1477,0.08759177,89.87,88.47,91.16
1492,0.07048545,72.32,71.19,74.31
1493,0.07829756,80.33,79.08,82.0
1496,0.0523955,53.76,52.92,56.49
1506,0.05805771,59.57,58.64,62.06
1512,0.07369348,75.61,74.43,77.47
1520,0.06423952,65.91,64.88,68.15
1523,0.0554668,56.91,56.02,59.51
1525,0.07137607,73.23,72.09,75.19
1530,0.09042462,92.78,91.33,93.95
1532,0.04988005,51.18,50.38,54.01
1535,0.08390748,86.09,84.75,87.53
1538,0.05854132,60.06,59.13,62.54
1540,0.06972351,71.54,70.42,73.56
1541,0.07051451,72.35,71.22,74.34
1544,0.07247119,74.36,73.2,76.26
1548,0.06203442,63.65,62.65,65.98
1549,0.05575737,57.21,56.31,59.8
1554,0.06052704,62.1,61.13,64.5
1556,0.052042,53.4,52.56,56.14
1557,0.07877957,80.83,79.57,82.48
1563,0.07086787,72.71,71.58,74.68
1565,0.06437435,66.05,65.02,68.29
1566,0.06477337,66.46,65.42,68.68
1573,0.05733684,58.83,57.91,61.35
1575,0.06536878,67.07,66.02,69.27
1576,0.06837782,70.16,69.06,72.23
1578,0.08684442,89.1,87.71,90.43
1591,0.07316403,75.07,73.9,76.95
1592,0.06398115,65.64,64.62,67.9
1603,0.11590742,118.92,117.07,119.06
1604,0.06428594,65.96,64.93,68.2
1605,0.05961541,61.17,60.21,63.6
1606,0.06080696,62.39,61.42,64.77
1607,0.05461242,56.03,55.16,58.67
1608,0.07530718,77.27,76.06,79.06
1615,0.06603279,67.75,66.69,69.92
1616,0.10375623,106.45,104.79,107.09
1617,0.07133464,73.19,72.05,75.14
1618,0.06414993,65.82,64.79,68.07
1619,0.06801524,69.78,68.7,71.87
1620,0.09714289,99.67,98.11,100.57
1622,0.07303915,74.94,73.77,76.82
1623,0.0676139,69.37,68.29,71.48
1625,0.06242136,64.04,63.05,66.36
1626,0.04836464,49.62,48.85,52.51
1627,0.08901976,91.33,89.91,92.57
1629,0.05992219,61.48,60.52,63.9
1630,0.0570114,58.49,57.58,61.03
1631,0.05482666,56.25,55.37,58.88
1634,0.06188261,63.49,62.5,65.83
1636,0.09248248,94.89,93.41,95.98
1638,0.15132594,155.26,152.84,153.95
1640,0.10016924,102.77,101.17,103.55
1644,0.0694,71.2,70.09,73.24
1646,0.05486881,56.3,55.42,58.92
1647,0.08168289,83.81,82.5,85.34
1648,0.06781389,69.58,68.49,71.68
1649,0.09602697,98.52,96.99,99.47
1652,0.05407584,55.48,54.62,58.14
1657,0.0640647,65.73,64.71,67.98
1658,0.06915603,70.95,69.85,73.0
1660,0.05699234,58.47,57.56,61.01
1661,0.05953872,61.09,60.13,63.52
1663,0.09010724,92.45,91.01,93.64
1664,0.04964396,50.93,50.14,53.77
1669,0.05154243,52.88,52.06,55.64
1671,0.0525974,53.96,53.12,56.68
1672,0.06821906,69.99,68.9,72.07
1673,0.06671949,68.45,67.39,70.6
1675,0.05767702,59.18,58.25,61.69
1679,0.06510061,66.79,65.75,69.0
1680,0.05720107,58.69,57.77,61.22
1683,0.07825826,80.29,79.04,81.97
1685,0.05502313,56.45,55.57,59.07
1686,0.06865174,70.44,69.34,72.5
1689,0.05482088,56.25,55.37,58.87
1691,0.06253597,64.16,63.16,66.48
1696,0.04731102,48.54,47.78,51.48
1700,0.06494483,66.63,65.59,68.85
1703,0.08075564,82.86,81.56,84.43
1705,0.07901664,81.07,79.81,82.71
1706,0.06938272,71.19,70.08,73.22
1708,0.06048973,62.06,61.09,64.46
1709,0.06432379,66.0,64.97,68.24
1711,0.06874368,70.53,69.43,72.59
1713,0.08249101,84.64,83.32,86.14
1716,0.05896464,60.5,59.55,62.96
1718,0.06034721,61.92,60.95,64.32
1719,0.07208225,73.96,72.8,75.88
1721,0.0933765,95.8,94.31,96.86
1722,0.05708977,58.57,57.66,61.11
1723,0.10200797,104.66,103.03,105.36
1724,0.07066907,72.51,71.38,74.49
1725,0.05526355,56.7,55.82,59.31
1726,0.09686952,99.39,97.84,100.3
1727,0.07205261,73.93,72.77,75.85
1728,0.07502842,76.98,75.78,78.78
1729,0.07351747,75.43,74.25,77.3
1730,0.0600748,61.64,60.68,64.05
1731,0.05610507,57.56,56.67,60.14
1732,0.05750672,59.0,58.08,61.52
1733,0.11767003,120.73,118.85,120.8
1734,0.06931067,71.11,70.0,73.15
1736,0.06384476,65.5,64.48,67.77
1738,0.09196302,94.35,92.88,95.47
1739,0.07124938,73.1,71.96,75.06
1741,0.07522904,77.18,75.98,78.98
1742,0.08156825,83.69,82.38,85.23
1743,0.05145375,52.79,51.97,55.56
1746,0.10526027,108.0,106.31,108.57
1748,0.05585818,57.31,56.42,59.9
1749,0.0953998,97.88,96.35,98.85
1750,0.08108234,83.19,81.89,84.75
1751,0.06250175,64.13,63.13,66.44
1752,0.08210841,84.24,82.93,85.76
1753,0.09028238,92.63,91.19,93.81
1754,0.08784594,90.13,88.72,91.41
1755,0.06128098,62.87,61.89,65.24
1757,0.07585901,77.83,76.62,79.6
1758,0.06897326,70.77,69.66,72.82
1760,0.05596462,57.42,56.52,60.0
1762,0.0568434,58.32,57.41,60.87
1763,0.06351094,65.16,64.15,67.44
1764,0.06053865,62.11,61.14,64.51
1765,0.06235779,63.98,62.98,66.3
1768,0.15449265,158.51,156.04,157.07
1769,0.05528806,56.73,55.84,59.34
1770,0.0574196,58.91,57.99,61.44
1771,0.04555802,46.74,46.01,49.75
1772,0.04695646,48.18,47.43,51.13
1773,0.07248199,74.37,73.21,76.27
1774,0.06159493,63.2,62.21,65.55
1775,0.05870289,60.23,59.29,62.7
1776,0.06788045,69.65,68.56,71.74
1778,0.07053913,72.37,71.24,74.36
1779,0.06497385,66.66,65.62,68.88
1781,0.06475189,66.44,65.4,68.66
1782,0.06947872,71.29,70.17,73.32
1783,0.06623741,67.96,66.9,70.12
1784,0.0614057,63.0,62.02,65.36
1787,0.04883416,50.1,49.32,52.98
1789,0.07475795,76.7,75.51,78.52
1791,0.08486836,87.07,85.72,88.48
1793,0.08260081,84.75,83.43,86.24
1795,0.07442206,76.36,75.17,78.19
1796,0.05961167,61.16,60.21,63.59
1799,0.06386907,65.53,64.51,67.79
1801,0.0643118,65.98,64.95,68.23
1802,0.05755525,59.05,58.13,61.57
1803,0.07795127,79.98,78.73,81.66
1805,0.05143373,52.77,51.95,55.54
1806,0.07102077,72.87,71.73,74.84
1807,0.08330519,85.47,84.14,86.94
1809,0.06112645,62.72,61.74,65.09
1810,0.06532489,67.02,65.98,69.22
1811,0.06284516,64.48,63.47,66.78
1812,0.06498191,66.67,65.63,68.89
1813,0.06349533,65.15,64.13,67.42
1815,0.0875328,89.81,88.41,91.1
1817,0.07544126,77.4,76.2,79.19
1820,0.06009687,61.66,60.7,64.07
1821,0.05205628,53.41,52.58,56.15
1822,0.06430848,65.98,64.95,68.22
1824,0.06081988,62.4,61.43,64.79
1827,0.13524803,138.76,136.6,138.11
1828,0.09409583,96.54,95.04,97.57
1829,0.0596445,61.2,60.24,63.63
1830,0.08503163,87.24,85.88,88.64
1831,0.0744317,76.37,75.18,78.2
1832,0.0549163,56.34,55.47,58.97
1836,0.06618446,67.91,66.85,70.07
1837,0.06525806,66.95,65.91,69.16
1838,0.06676816,68.5,67.44,70.65
1841,0.05789178,59.4,58.47,61.9
1843,0.10921591,112.06,110.31,112.47
1844,0.07050928,72.34,71.21,74.33
1845,0.07065231,72.49,71.36,74.47
1846,0.06913618,70.93,69.83,72.98
1849,0.05049927,51.81,51.0,54.62
1853,0.06418961,65.86,64.83,68.11
1854,0.06612159,67.84,66.78,70.01
1855,0.06018669,61.75,60.79,64.16
1857,0.095144,97.62,96.1,98.6
1859,0.06185052,63.46,62.47,65.8
1861,0.1048897,107.62,105.94,108.2
1862,0.06630247,68.03,66.97,70.19
1863,0.05079198,52.11,51.3,54.91
1864,0.05453897,55.96,55.08,58.6
1865,0.0624776,64.1,63.1,66.42
1867,0.06663105,68.36,67.3,70.51
1869,0.05752698,59.02,58.1,61.54
1870,0.07603807,78.02,76.8,79.78
1871,0.05183352,53.18,52.35,55.93
1875,0.09036196,92.71,91.27,93.89
1876,0.06726767,69.02,67.94,71.14
1877,0.06178127,63.39,62.4,65.73
1879,0.09586433,98.36,96.82,99.31
1881,0.05946986,61.02,60.06,63.46
1882,0.15612322,160.18,157.68,158.68
1883,0.07432665,76.26,75.07,78.09
1884,0.05971917,61.27,60.32,63.7
1885,0.05906761,60.6,59.66,63.06
1886,0.05298831,54.37,53.52,57.07
1888,0.06339555,65.04,64.03,67.32
1889,0.07097072,72.82,71.68,74.79
1891,0.05108089,52.41,51.59,55.19
1894,0.15212737,156.08,153.65,154.74
1896,0.07675307,78.75,77.52,80.48
1897,0.05672167,58.2,57.29,60.75
1898,0.0783285,80.37,79.11,82.03
1899,0.06883222,70.62,69.52,72.68
1901,0.06354035,65.19,64.18,67.47
1905,0.07150318,73.36,72.22,75.31
1906,0.07355699,75.47,74.29,77.33
1908,0.07981372,81.89,80.61,83.5
1909,0.06283811,64.47,63.47,66.77
1911,0.05469823,56.12,55.25,58.75
1912,0.08149737,83.62,82.31,85.16
1913,0.08058977,82.69,81.4,84.26
1914,0.0620657,63.68,62.69,66.01
1915,0.07026473,72.09,70.97,74.09
1916,0.1131086,116.05,114.24,116.3
1917,0.06268851,64.32,63.32,66.63
1919,0.08006731,82.15,80.87,83.75
1921,0.0716988,73.56,72.42,75.5
1923,0.07132635,73.18,72.04,75.14
1924,0.06982397,71.64,70.52,73.66
1925,0.06551737,67.22,66.17,69.41
1926,0.0725003,74.39,73.23,76.29
1928,0.06276426,64.4,63.39,66.7
1930,0.08683062,89.09,87.7,90.41
1931,0.06531322,67.01,65.97,69.21
1932,0.07515305,77.11,75.9,78.91
1934,0.06245243,64.08,63.08,66.39
1935,0.07280215,74.7,73.53,76.59
1936,0.0697567,71.57,70.45,73.59
1938,0.05424393,55.65,54.79,58.31
1939,0.06550675,67.21,66.16,69.4
1940,0.05888673,60.42,59.48,62.88
1942,0.11312383,116.07,114.26,116.32
1944,0.08168982,83.81,82.51,85.35
1945,0.12429917,127.53,125.54,127.33
1946,0.08529171,87.51,86.14,88.9
1947,0.06886175,70.65,69.55,72.71
1949,0.05368025,55.08,54.22,57.75
1950,0.06880472,70.59,69.49,72.65
1951,0.06941897,71.22,70.11,73.26
1952,0.06923745,71.04,69.93,73.08
1953,0.05103979,52.37,51.55,55.15
1954,0.07304504,74.94,73.78,76.83
1955,0.05757621,59.07,58.15,61.59
1956,0.0711391,72.99,71.85,74.95
1958,0.06048528,62.06,61.09,64.46
1960,0.06887976,70.67,69.57,72.73
1961,0.05531264,56.75,55.87,59.36
1963,0.06414907,65.82,64.79,68.07
1964,0.10685679,109.64,107.93,110.14
1965,0.06680534,68.54,67.47,70.68
1967,0.06301114,64.65,63.64,66.94
1969,0.05516331,56.6,55.71,59.21
1971,0.05936116,60.9,59.95,63.35
1972,0.07752115,79.54,78.3,81.24
1973,0.10132773,103.96,102.34,104.69
1975,0.06659008,68.32,67.26,70.47
1976,0.06240683,64.03,63.03,66.35
1977,0.06084052,62.42,61.45,64.81
1978,0.05705103,58.53,57.62,61.07
1979,0.05752828,59.02,58.1,61.54
1981,0.05860064,60.12,59.19,62.6
1983,0.05322032,54.6,53.75,57.3
1984,0.06725426,69.0,67.93,71.12
1986,0.05532377,56.76,55.88,59.37
1989,0.05837879,59.9,58.96,62.38
1990,0.06487157,66.56,65.52,68.78
1992,0.06861773,70.4,69.3,72.47
1994,0.066881,68.62,67.55,70.76
1995,0.05264725,54.02,53.17,56.73
1997,0.04974968,51.04,50.25,53.88
1998,0.0595609,61.11,60.16,63.54
1999,0.07454284,76.48,75.29,78.31
2000,0.07100905,72.86,71.72,74.82
2002,0.0500031,51.3,50.5,54.13
2004,0.06277756,64.41,63.41,66.71
2005,0.05346934,54.86,54.0,57.54
2007,0.05984767,61.4,60.45,63.83
2008,0.07346593,75.38,74.2,77.24
2009,0.06252043,64.15,63.15,66.46
2011,0.06044934,62.02,61.05,64.42
2012,0.07338461,75.29,74.12,77.16
2013,0.05456196,55.98,55.11,58.62
2015,0.06895702,70.75,69.65,72.8
2016,0.05171822,53.06,52.24,55.82
2017,0.06980529,71.62,70.5,73.64
2018,0.06447097,66.15,65.12,68.38
2108,0.06742283,69.18,68.1,71.29
2109,0.05868656,60.21,59.27,62.68
2113,0.07955163,81.62,80.35,83.24
2114,0.06993093,71.75,70.63,73.76
2115,0.12016729,123.29,121.37,123.26
2116,0.080276,82.36,81.08,83.95
2117,0.06476613,66.45,65.41,68.67
2118,0.10672006,109.49,107.79,110.01
2119,0.05904709,60.58,59.64,63.04
2132,0.08058967,82.68,81.4,84.26
2136,0.05653371,58.0,57.1,60.56
2138,0.0634375,65.09,64.07,67.36
2140,0.06963972,71.45,70.34,73.47
2149,0.09163597,94.02,92.55,95.15
2150,0.07408706,76.01,74.83,77.86
2158,0.10675982,109.54,107.83,110.05
2160,0.04928,50.56,49.77,53.42
2172,0.08066231,82.76,81.47,84.33
2173,0.08120347,83.31,82.02,84.87
2174,0.10089925,103.52,101.91,104.27
2176,0.08833668,90.63,89.22,91.9
2189,0.08924919,91.57,90.14,92.79
2196,0.07268288,74.57,73.41,76.47
2201,0.11542627,118.43,116.58,118.58
2203,0.05447121,55.89,55.02,58.53
2204,0.07488607,76.83,75.63,78.64
2216,0.09952625,102.11,100.52,102.92
2229,0.05999695,61.56,60.6,63.97
2235,0.1230034,126.2,124.23,126.05
2243,0.05960534,61.16,60.2,63.59
2248,0.05807778,59.59,58.66,62.08
2254,0.07142776,73.28,72.14,75.24
2258,0.09633856,98.84,97.3,99.78
2262,0.06175291,63.36,62.37,65.7
2269,0.06475968,66.44,65.41,68.67
2273,0.12555231,128.82,126.81,128.56
2280,0.04736129,48.59,47.83,51.53
2281,0.07410142,76.03,74.84,77.87
2282,0.05884443,60.37,59.43,62.84
2284,0.10740068,110.19,108.47,110.68
2286,0.07856946,80.61,79.36,82.27
2287,0.07203331,73.91,72.75,75.83
2294,0.09579309,98.28,96.75,99.24
2295,0.06527919,66.98,65.93,69.18
2297,0.06905828,70.85,69.75,72.9
2298,0.08499422,87.2,85.84,88.6
2300,0.10857234,111.4,109.66,111.83
2301,0.05687278,58.35,57.44,60.9
2302,0.11820732,121.28,119.39,121.32
2303,0.05779089,59.29,58.37,61.8
2306,0.0902276,92.57,91.13,93.76
2316,0.10602306,108.78,107.08,109.32
2317,0.09379536,96.23,94.73,97.27
2323,0.08059167,82.69,81.4,84.26
2325,0.06015153,61.72,60.75,64.13
2326,0.10216209,104.82,103.18,105.52
2332,0.04900083,50.27,49.49,53.14
2334,0.0572778,58.77,57.85,61.3
2336,0.06815846,69.93,68.84,72.02
2339,0.05646218,57.93,57.03,60.49
2340,0.09267245,95.08,93.6,96.17
2344,0.05575362,57.2,56.31,59.79
2345,0.07689877,78.9,77.67,80.63
2346,0.1267336,130.03,128.0,129.72
2347,0.06174047,63.35,62.36,65.69
2348,0.05779108,59.29,58.37,61.8
2350,0.06251813,64.14,63.14,66.46
2352,0.07504211,76.99,75.79,78.8
2353,0.07827447,80.31,79.06,81.98
2354,0.07132188,73.18,72.04,75.13
2355,0.10818984,111.0,109.27,111.46
2356,0.08316534,85.33,84.0,86.8
2357,0.0880237,90.31,88.9,91.59
2358,0.06552852,67.23,66.18,69.42
2359,0.1032833,105.97,104.32,106.62
2360,0.06776101,69.52,68.44,71.62
2361,0.05504461,56.48,55.6,59.1
2362,0.06959359,71.4,70.29,73.43
2363,0.05973605,61.29,60.33,63.72
2364,0.06943675,71.24,70.13,73.27
2365,0.05801274,59.52,58.59,62.02
2366,0.06885342,70.64,69.54,72.7
2367,0.06695881,68.7,67.63,70.83
2368,0.07092124,72.77,71.63,74.74
2369,0.06345335,65.1,64.09,67.38
2370,0.05339681,54.79,53.93,57.47
2371,0.06682528,68.56,67.49,70.7
2372,0.08901814,91.33,89.91,92.57
2374,0.06975479,71.57,70.45,73.59
2375,0.07135546,73.21,72.07,75.16
2377,0.11782549,120.89,119.0,120.95
2379,0.05838807,59.91,58.97,62.39
2380,0.12510953,128.36,126.36,128.12
2381,0.11662292,119.66,117.79,119.76
2382,0.05647204,57.94,57.04,60.5
2383,0.08083704,82.94,81.65,84.51
2384,0.0809206,83.02,81.73,84.59
2386,0.08183487,83.96,82.65,85.49
2388,0.0803686,82.46,81.17,84.04
2389,0.06589821,67.61,66.56,69.79
2390,0.0766574,78.65,77.42,80.39
2391,0.11699836,120.04,118.17,120.13
2394,0.05388579,55.29,54.42,57.95
2397,0.0763503,78.34,77.11,80.09
2398,0.06570191,67.41,66.36,69.59
2399,0.13437256,137.87,135.72,137.25
2400,0.07018428,72.01,70.89,74.01
2402,0.06817999,69.95,68.86,72.04
2404,0.07097583,72.82,71.69,74.79
2405,0.11509411,118.09,116.25,118.26
2408,0.04840904,49.67,48.89,52.56
2410,0.04975604,51.05,50.25,53.88
2411,0.0459334,47.13,46.39,50.12
2412,0.06738562,69.14,68.06,71.25
2413,0.09656881,99.08,97.53,100.01
2415,0.07300501,74.9,73.74,76.79
2416,0.0836151,85.79,84.45,87.24
2417,0.0597748,61.33,60.37,63.76
2418,0.06689513,68.63,67.56,70.77
2419,0.06071436,62.29,61.32,64.68
2422,0.07652215,78.51,77.29,80.26
2423,0.08736966,89.64,88.24,90.94
2424,0.17223868,176.72,173.96,174.56
2425,0.08626241,88.51,87.13,89.85
2426,0.06448471,66.16,65.13,68.4
2427,0.08640291,88.65,87.27,89.99
2429,0.09614636,98.65,97.11,99.59
2430,0.12126412,124.42,122.48,124.34
2431,0.05718898,58.68,57.76,61.21
2433,0.07421556,76.15,74.96,77.98
2434,0.05089065,52.21,51.4,55.0
2436,0.068841,70.63,69.53,72.69
2437,0.0681763,69.95,68.86,72.03
2438,0.0766732,78.67,77.44,80.4
2440,0.04557004,46.75,46.03,49.76
2441,0.10337048,106.06,104.4,106.71
2442,0.05388811,55.29,54.43,57.96
2443,0.04098048,42.05,41.39,45.24
2445,0.088608,90.91,89.49,92.16
2450,0.07435536,76.29,75.1,78.12
2451,0.08781444,90.1,88.69,91.38
2452,0.07187896,73.75,72.6,75.68
2453,0.05475706,56.18,55.3,58.81
2455,0.05406545,55.47,54.61,58.13
2456,0.1020331,104.69,103.05,105.39
2457,0.06529949,67.0,65.95,69.2
2461,0.06200034,63.61,62.62,65.95
2462,0.06748286,69.24,68.16,71.35
2463,0.10802709,110.84,109.11,111.29
2464,0.06962327,71.43,70.32,73.46
2465,0.07138667,73.24,72.1,75.2
2466,0.05353565,54.93,54.07,57.61
2469,0.08223733,84.38,83.06,85.89
2471,0.07459386,76.53,75.34,78.36
2472,0.07791424,79.94,78.69,81.63
2475,0.06176431,63.37,62.38,65.72
2476,0.07801044,80.04,78.79,81.72
2480,0.05668971,58.16,57.26,60.72
2482,0.06566939,67.38,66.33,69.56
2484,0.04706219,48.29,47.53,51.23
2486,0.06755648,69.31,68.23,71.42
2487,0.08329524,85.46,84.13,86.93
2490,0.06939242,71.2,70.09,73.23
2491,0.07543927,77.4,76.19,79.19
2492,0.07586583,77.84,76.62,79.61
2493,0.06035989,61.93,60.96,64.33
2495,0.06057307,62.15,61.18,64.54
2496,0.05732039,58.81,57.89,61.34
2497,0.06708417,68.83,67.76,70.96
2498,0.0530703,54.45,53.6,57.15
2500,0.08925257,91.57,90.15,92.8
2501,0.11296284,115.9,114.09,116.16
2502,0.07869408,80.74,79.48,82.4
2505,0.06220617,63.82,62.83,66.15
2507,0.05377581,55.17,54.31,57.85
2508,0.0592207,60.76,59.81,63.21
2509,0.06558484,67.29,66.24,69.48
2510,0.07274072,74.63,73.47,76.53
2511,0.0653105,67.01,65.96,69.21
2513,0.05818891,59.7,58.77,62.19
2516,0.0625994,64.23,63.23,66.54
2517,0.08838781,90.69,89.27,91.95
2520,0.06739045,69.14,68.06,71.26
2521,0.06143675,63.03,62.05,65.39
2523,0.07624148,78.22,77.0,79.98
2524,0.07962926,81.7,80.43,83.32
2526,0.06855533,70.34,69.24,72.41
2527,0.06451001,66.19,65.16,68.42
2528,0.05457553,55.99,55.12,58.63
2529,0.05161469,52.96,52.13,55.72
2531,0.07018985,72.01,70.89,74.02
2533,0.0658564,67.57,66.51,69.75
2534,0.04600761,47.2,46.47,50.19
2535,0.0554211,56.86,55.98,59.47
2536,0.09607927,98.58,97.04,99.52
2537,0.05727406,58.76,57.85,61.29
2539,0.07876393,80.81,79.55,82.46
2542,0.13293234,136.39,134.26,135.83
2544,0.07225148,74.13,72.97,76.05
2545,0.10506267,107.79,106.11,108.37
2546,0.0609088,62.49,61.52,64.87
2547,0.05939027,60.93,59.98,63.38
2548,0.06054098,62.12,61.15,64.51
2550,0.07185694,73.73,72.58,75.66
2552,0.06167507,63.28,62.29,65.63
2553,0.06737228,69.12,68.05,71.24
2554,0.07703477,79.04,77.81,80.76
2555,0.06402075,65.69,64.66,67.94
2556,0.05226331,53.62,52.79,56.35
2557,0.07397644,75.9,74.72,77.75
2558,0.06740422,69.16,68.08,71.27
2559,0.06531336,67.01,65.97,69.21
2560,0.07280963,74.7,73.54,76.6
2561,0.07888406,80.94,79.67,82.58
2563,0.06389699,65.56,64.54,67.82
2564,0.07151062,73.37,72.23,75.32
2565,0.07032752,72.16,71.03,74.15
2566,0.06211814,63.73,62.74,66.06
2567,0.06216744,63.78,62.79,66.11
2569,0.06435381,66.03,65.0,68.27
2570,0.06023194,61.8,60.83,64.21
2572,0.06855705,70.34,69.24,72.41
2573,0.07746754,79.48,78.24,81.19
2574,0.06957868,71.39,70.27,73.41
2575,0.08370389,85.88,84.54,87.33
2577,0.07809203,80.12,78.87,81.8
2578,0.06372941,65.39,64.37,67.65
2579,0.05636777,57.83,56.93,60.4
2580,0.08101249,83.12,81.82,84.68
2581,0.05901051,60.54,59.6,63.0
2584,0.06521389,66.91,65.87,69.11
2585,0.06140873,63.01,62.02,65.37
2586,0.09089481,93.26,91.8,94.42
2588,0.0731163,75.02,73.85,76.9
2590,0.0818275,83.96,82.65,85.48
2592,0.11536616,118.37,116.52,118.53
2595,0.08349482,85.67,84.33,87.12
2598,0.06119741,62.79,61.81,65.16
2599,0.0518602,53.21,52.38,55.96
2600,0.04835892,49.62,48.84,52.51
2603,0.17962518,184.3,181.42,181.83
2605,0.07801471,80.04,78.79,81.73
2606,0.06156691,63.17,62.18,65.52
2609,0.0849064,87.11,85.76,88.52
2611,0.0692438,71.04,69.94,73.08
2616,0.06682178,68.56,67.49,70.7
2618,0.10565155,108.4,106.71,108.95
2619,0.12048116,123.61,121.69,123.56
2620,0.06268929,64.32,63.32,66.63
2622,0.16813835,172.51,169.82,170.52
2625,0.06424217,65.91,64.88,68.16
2626,0.05246042,53.82,52.99,56.55
2627,0.05193063,53.28,52.45,56.03
2630,0.0867722,89.03,87.64,90.35
2632,0.08072453,82.82,81.53,84.4
2633,0.05862935,60.15,59.22,62.63
2635,0.06026419,61.83,60.87,64.24
2636,0.04976978,51.06,50.27,53.9
2639,0.04979797,51.09,50.3,53.93
2641,0.08453834,86.74,85.38,88.15
2642,0.06295671,64.59,63.59,66.89
2643,0.05276474,54.14,53.29,56.85
2646,0.06684276,68.58,67.51,70.72
2647,0.06558284,67.29,66.24,69.48
2652,0.09479026,97.25,95.74,98.25
2655,0.05733395,58.82,57.91,61.35
2657,0.05459553,56.02,55.14,58.65
2658,0.05708657,58.57,57.66,61.11
2659,0.06309078,64.73,63.72,67.02
2660,0.06085274,62.43,61.46,64.82
2662,0.06423367,65.9,64.88,68.15
2663,0.0596919,61.24,60.29,63.67
2665,0.06573979,67.45,66.4,69.63
2667,0.04848609,49.75,48.97,52.63
2669,0.0545,55.92,55.05,58.56
2671,0.09547942,97.96,96.43,98.93
2672,0.08554756,87.77,86.4,89.15
2673,0.05955466,61.1,60.15,63.54
2681,0.06816362,69.94,68.85,72.02
2682,0.06552547,67.23,66.18,69.42
2683,0.05383854,55.24,54.38,57.91
2686,0.07717566,79.18,77.95,80.9
2687,0.06007684,61.64,60.68,64.05
2690,0.04983455,51.13,50.33,53.96
2691,0.05754998,59.05,58.13,61.56
2692,0.05436885,55.78,54.91,58.43
2693,0.05691741,58.4,57.49,60.94
2694,0.05473464,56.16,55.28,58.79
2697,0.13046246,133.85,131.77,133.4
2698,0.06441922,66.09,65.06,68.33
2699,0.05417663,55.59,54.72,58.24
2700,0.05067422,51.99,51.18,54.79
2701,0.06834814,70.13,69.03,72.2
2702,0.06880899,70.6,69.5,72.66
2703,0.05581106,57.26,56.37,59.85
2704,0.04605659,47.25,46.52,50.24
2705,0.09015901,92.5,91.06,93.69
2708,0.05930183,60.84,59.89,63.29
2710,0.09009018,92.43,90.99,93.62
2711,0.0622784,63.9,62.9,66.22
2713,0.0912951,93.67,92.21,94.81
2714,0.04667728,47.89,47.14,50.85
2716,0.04914026,50.42,49.63,53.28
2722,0.06683464,68.57,67.5,70.71
2724,0.05708584,58.57,57.66,61.11
2725,0.05811291,59.62,58.69,62.12
2726,0.05168876,53.03,52.21,55.79
2728,0.05342601,54.82,53.96,57.5
2730,0.05751769,59.01,58.09,61.53
2731,0.05795475,59.46,58.53,61.96
2732,0.06357815,65.23,64.21,67.5
2734,0.064202,65.87,64.84,68.12
2735,0.0564179,57.88,56.98,60.45
2736,0.06132028,62.91,61.93,65.28
2737,0.04494883,46.12,45.4,49.15
2739,0.05264765,54.02,53.17,56.73
2740,0.06156218,63.16,62.18,65.52
2741,0.05451019,55.93,55.06,58.57
2742,0.06000521,61.57,60.61,63.98
2744,0.11855695,121.64,119.74,121.67
2745,0.05153677,52.88,52.05,55.64
2750,0.06888628,70.68,69.58,72.73
2751,0.06694674,68.69,67.62,70.82
2754,0.04374938,44.89,44.19,47.97
2755,0.05040768,51.72,50.91,54.53
2756,0.06091957,62.5,61.53,64.88
2757,0.06801956,69.79,68.7,71.88
2758,0.058958,60.49,59.55,62.95
2760,0.06597692,67.69,66.64,69.87
2763,0.07882611,80.88,79.61,82.53
2764,0.05279122,54.16,53.32,56.88
2765,0.07856992,80.61,79.36,82.27
2766,0.16979913,174.21,171.5,172.15
2767,0.05567489,57.12,56.23,59.72
2768,0.06058919,62.16,61.2,64.56
2771,0.07476397,76.71,75.51,78.52
2773,0.04191747,43.01,42.34,46.16
2774,0.06828141,70.06,68.96,72.14
2776,0.07555906,77.52,76.31,79.31
2779,0.0444293,45.58,44.87,48.64
2781,0.125972,129.25,127.23,128.97
2782,0.06710083,68.85,67.77,70.97
2784,0.05182098,53.17,52.34,55.92
2785,0.05247654,53.84,53.0,56.57
2786,0.08322735,85.39,84.06,86.86
2787,0.06593788,67.65,66.6,69.83
2788,0.05665382,58.13,57.22,60.68
2789,0.05835475,59.87,58.94,62.36
2791,0.07240058,74.28,73.12,76.19
2794,0.05273333,54.1,53.26,56.82
2795,0.06244132,64.06,63.07,66.38
2796,0.07883782,80.89,79.63,82.54
2797,0.07350706,75.42,74.24,77.28
2800,0.0596228,61.17,60.22,63.61
2801,0.07238514,74.27,73.11,76.18
2802,0.06719324,68.94,67.87,71.06
2803,0.06453368,66.21,65.18,68.44
2806,0.08166449,83.79,82.48,85.32
2807,0.05186736,53.22,52.39,55.96
2808,0.11521649,118.21,116.37,118.38
2809,0.04736791,48.6,47.84,51.53
2810,0.10505758,107.79,106.11,108.37
2811,0.07632467,78.31,77.09,80.06
2813,0.08795853,90.25,88.84,91.52
2814,0.05474753,56.17,55.3,58.8
2815,0.07481775,76.76,75.57,78.58
2816,0.1374751,141.05,138.85,140.31
2817,0.07637702,78.36,77.14,80.11
2818,0.07783961,79.86,78.62,81.55
2819,0.06208626,63.7,62.71,66.03
2820,0.08322157,85.39,84.05,86.86
2825,0.17574833,180.32,177.51,178.02
2826,0.0565473,58.02,57.11,60.58
2827,0.07544201,77.4,76.2,79.19
2828,0.07526132,77.22,76.01,79.01
2829,0.08749948,89.77,88.37,91.07
2830,0.06565131,67.36,66.31,69.55
2832,0.05924628,60.79,59.84,63.23
2833,0.09098755,93.35,91.9,94.51
2834,0.1654051,169.71,167.06,167.82
2835,0.05197676,53.33,52.5,56.07
2836,0.05269921,54.07,53.23,56.78
2837,0.08248342,84.63,83.31,86.13
2838,0.05088303,52.21,51.39,55.0
2843,0.06973224,71.55,70.43,73.57
2845,0.1139245,116.89,115.06,117.1
2846,0.07192896,73.8,72.65,75.73
2848,0.09743854,99.97,98.41,100.86
2850,0.07695087,78.95,77.72,80.68
2851,0.10001136,102.61,101.01,103.4
2854,0.08306715,85.23,83.9,86.7
2856,0.0788982,80.95,79.69,82.6
2857,0.06786113,69.63,68.54,71.72
2859,0.09115853,93.53,92.07,94.68
2861,0.0627056,64.34,63.33,66.64
2865,0.0771517,79.16,77.92,80.88
2866,0.0892339,91.55,90.13,92.78
2868,0.05692382,58.4,57.49,60.95
2873,0.06931022,71.11,70.0,73.15
2874,0.06949352,71.3,70.19,73.33
2878,0.08467384,86.88,85.52,88.29
2883,0.09428223,96.73,95.23,97.75
2884,0.05590486,57.36,56.46,59.94
2885,0.05575499,57.2,56.31,59.8
2886,0.05598874,57.44,56.55,60.03
2891,0.05715216,58.64,57.72,61.17
2894,0.05444196,55.86,54.99,58.5
2896,0.10495511,107.68,106.0,108.27
2897,0.06631187,68.04,66.97,70.2
2898,0.07050619,72.34,71.21,74.33
2900,0.06430632,65.98,64.95,68.22
2901,0.07515774,77.11,75.91,78.91
2902,0.06681665,68.55,67.48,70.69
2904,0.08530028,87.52,86.15,88.9
2905,0.08595598,88.19,86.82,89.55
2918,0.09623958,98.74,97.2,99.68
2919,0.05059076,51.91,51.1,54.71
2922,0.07826649,80.3,79.05,81.97
2923,0.12310335,126.3,124.33,126.15
2924,0.08027889,82.37,81.08,83.96
2928,0.06897046,70.76,69.66,72.82
2930,0.05904424,60.58,59.63,63.04
2931,0.0607488,62.33,61.36,64.72
2932,0.09165625,94.04,92.57,95.17
2933,0.07281096,74.7,73.54,76.6
2934,0.06789355,69.66,68.57,71.75
2940,0.05714375,58.63,57.72,61.16
2941,0.05331976,54.71,53.85,57.4
2943,0.06322573,64.87,63.86,67.16
2946,0.08839172,90.69,89.28,91.95
2947,0.08787491,90.16,88.75,91.44
2949,0.05824514,59.76,58.83,62.25
2951,0.0584938,60.01,59.08,62.49
2952,0.08980593,92.14,90.7,93.34
2954,0.061368,62.96,61.98,65.33
2957,0.0874981,89.77,88.37,91.07
2958,0.06281552,64.45,63.44,66.75
2959,0.07193372,73.8,72.65,75.73
2961,0.07800421,80.03,78.78,81.72
2965,0.06488861,66.58,65.54,68.79
2966,0.06759387,69.35,68.27,71.46
2967,0.10243805,105.1,103.46,105.79
2970,0.06663556,68.37,67.3,70.51
2972,0.09869744,101.26,99.68,102.1
2976,0.10837155,111.19,109.46,111.63
2977,0.11877,121.86,119.96,121.88
2978,0.09682112,99.34,97.79,100.25
2979,0.06053658,62.11,61.14,64.51
2981,0.07038988,72.22,71.09,74.21
2984,0.09779584,100.34,98.77,101.21
2985,0.0684777,70.26,69.16,72.33
2986,0.05976072,61.31,60.36,63.74
2988,0.05845147,59.97,59.04,62.45
2989,0.05199959,53.35,52.52,56.1
2991,0.06459093,66.27,65.24,68.5
2995,0.12036474,123.49,121.57,123.45
2996,0.05884092,60.37,59.43,62.84
2997,0.1073031,110.09,108.38,110.58
2999,0.05109197,52.42,51.6,55.2
3001,0.0538199,55.22,54.36,57.89
3003,0.0770414,79.04,77.81,80.77
3006,0.05699236,58.47,57.56,61.01
3007,0.06638621,68.11,67.05,70.27
3008,0.05573523,57.18,56.29,59.78
3010,0.10310298,105.78,104.13,106.44
3011,0.08382878,86.01,84.67,87.45
3013,0.07001128,71.83,70.71,73.84
3016,0.04845963,49.72,48.94,52.61
3018,0.07280285,74.7,73.53,76.59
3019,0.08140141,83.52,82.22,85.06
3021,0.06576395,67.47,66.42,69.66
3024,0.05863444,60.16,59.22,62.63
3026,0.06903924,70.83,69.73,72.88
3027,0.05345452,54.84,53.99,57.53
3028,0.04440613,45.56,44.85,48.61
4002,0.07501001,76.96,75.76,78.77
4003,0.06347346,65.12,64.11,67.4
4005,0.05739163,58.88,57.97,61.41
4006,0.0524716,53.84,53.0,56.56
4008,0.05629489,57.76,56.86,60.33
4009,0.055699,57.15,56.26,59.74
4010,0.05357868,54.97,54.11,57.65
4012,0.05813106,59.64,58.71,62.14
4013,0.06212341,63.74,62.74,66.07
4014,0.05941055,60.96,60.0,63.4
4015,0.05369057,55.09,54.23,57.76
4016,0.05847136,59.99,59.06,62.47
4017,0.06758455,69.34,68.26,71.45
4020,0.06206059,63.67,62.68,66.01
4022,0.04693982,48.16,47.41,51.11
4023,0.06177254,63.38,62.39,65.72
4024,0.04807393,49.32,48.55,52.23
4028,0.05900027,60.53,59.59,62.99
4029,0.06031024,61.88,60.91,64.28
4030,0.04718003,48.41,47.65,51.35
4031,0.08254826,84.69,83.37,86.19
4033,0.05841423,59.93,59.0,62.42
4034,0.07003602,71.86,70.74,73.87
4037,0.05672314,58.2,57.29,60.75
4038,0.04448325,45.64,44.93,48.69
4040,0.05838877,59.91,58.97,62.39
4041,0.05040077,51.71,50.9,54.52
4043,0.06712476,68.87,67.8,71.0
4049,0.07911549,81.17,79.91,82.81
4055,0.06800071,69.77,68.68,71.86
4062,0.04610159,47.3,46.56,50.28
4070,0.05757224,59.07,58.15,61.59
4072,0.04552061,46.7,45.98,49.71
4076,0.0392822,40.3,39.68,43.57
4079,0.07021148,72.04,70.91,74.04
4084,0.04953566,50.82,50.03,53.67
4085,0.05412979,55.54,54.67,58.19
4086,0.06013422,61.7,60.74,64.11
4087,0.09158079,93.96,92.5,95.09
4089,0.0582207,59.73,58.8,62.22
4090,0.05028474,51.59,50.79,54.41
4091,0.0660043,67.72,66.66,69.89
4092,0.05295284,54.33,53.48,57.03
4096,0.06804885,69.82,68.73,71.91
4098,0.06683413,68.57,67.5,70.71
4100,0.07010303,71.93,70.8,73.93
4102,0.06550837,67.21,66.16,69.4
4105,0.06638316,68.11,67.05,70.27
4109,0.05143783,52.78,51.95,55.54
4111,0.05866381,60.19,59.25,62.66
4116,0.05177953,53.13,52.3,55.88
4117,0.06044608,62.02,61.05,64.42
4119,0.06286779,64.5,63.5,66.8
4120,0.06414559,65.81,64.79,68.06
4122,0.05956843,61.12,60.16,63.55
4124,0.05172147,53.07,52.24,55.82
4125,0.04704921,48.27,47.52,51.22
4129,0.05604059,57.5,56.6,60.08
4131,0.07234533,74.23,73.07,76.14
4136,0.04642852,47.64,46.89,50.61
4137,0.0519986,53.35,52.52,56.09
4139,0.06420942,65.88,64.85,68.12
4140,0.06309837,64.74,63.73,67.03
4141,0.05448652,55.9,55.03,58.55
4142,0.05874511,60.27,59.33,62.74
4146,0.05940001,60.94,59.99,63.39
4148,0.05912443,60.66,59.72,63.11
4149,0.06197657,63.59,62.6,65.92
4150,0.05296616,54.34,53.5,57.05
4153,0.0518068,53.15,52.32,55.91
4157,0.04578502,46.98,46.24,49.97
4158,0.05618721,57.65,56.75,60.22
4163,0.07855606,80.6,79.34,82.26
4166,0.05826554,59.78,58.85,62.27
4167,0.05875738,60.29,59.34,62.75
4171,0.0637793,65.44,64.42,67.7
4175,0.04772829,48.97,48.21,51.89
4178,0.05236782,53.73,52.89,56.46
4179,0.06214998,63.77,62.77,66.1
4187,0.05587366,57.33,56.43,59.91
4188,0.06290979,64.55,63.54,66.84
4189,0.05199635,53.35,52.52,56.09
4192,0.05404605,55.45,54.59,58.11
4195,0.05243218,53.8,52.96,56.52
4198,0.07078284,72.62,71.49,74.6
4199,0.05544559,56.89,56.0,59.49
4200,0.06190298,63.51,62.52,65.85
4201,0.06905734,70.85,69.75,72.9
4202,0.07277335,74.67,73.5,76.56
4203,0.05786529,59.37,58.44,61.87
4204,0.06040073,61.97,61.0,64.37
4205,0.05633656,57.8,56.9,60.37
4215,0.05902591,60.56,59.62,63.02
4218,0.06252062,64.15,63.15,66.46
4219,0.06406089,65.73,64.7,67.98
4221,0.05873082,60.26,59.32,62.73
4226,0.06412443,65.79,64.77,68.04
4232,0.05297164,54.35,53.5,57.05
4235,0.06068011,62.26,61.29,64.65
4237,0.05704166,58.52,57.61,61.06
4239,0.06416761,65.84,64.81,68.08
4240,0.06397586,65.64,64.62,67.89
4241,0.04838259,49.64,48.87,52.53
4242,0.06643566,68.16,67.1,70.32
4243,0.06139989,63.0,62.01,65.36
4244,0.05160973,52.95,52.13,55.71
4246,0.05082015,52.14,51.33,54.93
4249,0.05929378,60.84,59.89,63.28
4250,0.04447966,45.64,44.92,48.69
4251,0.05433032,55.74,54.87,58.39
4252,0.05163038,52.97,52.15,55.73
4253,0.05288622,54.26,53.42,56.97
4255,0.05416536,55.57,54.71,58.23
4257,0.05450578,55.92,55.05,58.56
4258,0.07401173,75.94,74.75,77.78
4259,0.05716144,58.65,57.73,61.18
4260,0.05943626,60.98,60.03,63.42
4261,0.04827006,49.53,48.75,52.42
4262,0.04869494,49.96,49.18,52.84
4263,0.05809934,59.61,58.68,62.1
4265,0.06381054,65.47,64.45,67.73
4267,0.05842034,59.94,59.0,62.42
4268,0.08607393,88.31,86.93,89.67
4269,0.05096214,52.29,51.47,55.07
4271,0.04719678,48.42,47.67,51.36
4273,0.04940175,50.69,49.9,53.54
4275,0.05727884,58.77,57.85,61.3
4276,0.05766281,59.16,58.24,61.67
4277,0.05378737,55.19,54.33,57.86
4278,0.05681164,58.29,57.38,60.84
4281,0.07716507,79.17,77.94,80.89
4283,0.05131468,52.65,51.83,55.42
4285,0.04709145,48.32,47.56,51.26
4292,0.0674269,69.18,68.1,71.29
4298,0.06177975,63.39,62.4,65.73
4300,0.08147872,83.6,82.29,85.14
4301,0.05715751,58.64,57.73,61.18
4302,0.04781914,49.06,48.3,51.98
4305,0.10365106,106.35,104.69,106.98
4306,0.05586722,57.32,56.43,59.91
4308,0.05418651,55.6,54.73,58.25
4309,0.06333771,64.98,63.97,67.27
4310,0.06997155,71.79,70.67,73.8
4313,0.04687573,48.09,47.34,51.05
4315,0.0594232,60.97,60.02,63.41
4323,0.06419025,65.86,64.83,68.11
4325,0.05464284,56.06,55.19,58.7
4326,0.05654971,58.02,57.12,60.58
4327,0.04979208,51.09,50.29,53.92
4335,0.06547611,67.18,66.13,69.37
4339,0.05201175,53.36,52.53,56.11
4340,0.06164586,63.25,62.26,65.6
4341,0.05970001,61.25,60.3,63.68
4343,0.06385917,65.52,64.5,67.78
4348,0.05307579,54.46,53.61,57.16
4351,0.05064327,51.96,51.15,54.76
4354,0.05292498,54.3,53.45,57.01
4359,0.05290176,54.28,53.43,56.98
4360,0.06131373,62.91,61.93,65.27
4364,0.0546168,56.04,55.16,58.67
4365,0.06120756,62.8,61.82,65.17
4370,0.05666972,58.14,57.24,60.7
4371,0.05404504,55.45,54.59,58.11
4374,0.05054807,51.86,51.05,54.67
4376,0.05382417,55.22,54.36,57.89
4377,0.05013393,51.44,50.64,54.26
4382,0.08285033,85.0,83.68,86.49
4386,0.06904748,70.84,69.74,72.89
4388,0.05090386,52.23,51.41,55.02
4391,0.05812119,59.63,58.7,62.13
4392,0.0529701,54.35,53.5,57.05
4393,0.05620821,57.67,56.77,60.24
4394,0.04892705,50.2,49.42,53.07
4395,0.0521278,53.48,52.65,56.22
4397,0.06124168,62.83,61.85,65.2
4399,0.06126396,62.86,61.88,65.22
4404,0.07056029,72.39,71.27,74.38
4406,0.05236523,53.73,52.89,56.46
4410,0.0729591,74.86,73.69,76.74
4414,0.0671493,68.9,67.82,71.02
4418,0.06336018,65.01,63.99,67.29
4419,0.07006083,71.88,70.76,73.89
4421,0.05509831,56.53,55.65,59.15
4422,0.06256731,64.19,63.19,66.51
4424,0.06561023,67.32,66.27,69.5
4426,0.05426305,55.67,54.81,58.33
4428,0.06237547,64.0,63.0,66.32
4435,0.08086271,82.97,81.67,84.53
4436,0.0797662,81.84,80.56,83.45
4439,0.0515695,52.91,52.09,55.67
4440,0.05626086,57.72,56.82,60.29
4441,0.04804446,49.29,48.52,52.2
4442,0.05301605,54.39,53.55,57.1
4443,0.05747047,58.96,58.05,61.49
4444,0.05169819,53.04,52.22,55.8
4445,0.07676594,78.76,77.53,80.5
4450,0.06357289,65.23,64.21,67.5
4451,0.07277102,74.66,73.5,76.56
4452,0.06803599,69.8,68.72,71.89
4453,0.05331205,54.7,53.85,57.39
4455,0.0532849,54.67,53.82,57.36
4456,0.04924294,50.52,49.74,53.38
4457,0.068241,70.02,68.92,72.1
4458,0.0517147,53.06,52.23,55.81
4460,0.06867017,70.46,69.36,72.52
4462,0.06054405,62.12,61.15,64.51
4464,0.06412745,65.79,64.77,68.04
4467,0.04364323,44.78,44.08,47.86
4468,0.06300109,64.64,63.63,66.93
4470,0.04855359,49.82,49.04,52.7
4471,0.05862329,60.15,59.21,62.62
4472,0.06925125,71.05,69.94,73.09
4476,0.09727947,99.81,98.25,100.71
4479,0.05361129,55.01,54.15,57.68
4480,0.05842156,59.94,59.01,62.42
4482,0.0488945,50.17,49.38,53.04
4483,0.05804889,59.56,58.63,62.06
4486,0.05826484,59.78,58.85,62.27
4488,0.07753548,79.55,78.31,81.25
4489,0.07332619,75.23,74.06,77.11
4490,0.05064264,51.96,51.15,54.76
4491,0.067862,69.63,68.54,71.72
4492,0.05410285,55.51,54.64,58.17
4493,0.05798989,59.5,58.57,62.0
4494,0.04487921,46.05,45.33,49.08
4495,0.05122499,52.56,51.74,55.33
4496,0.05657178,58.04,57.14,60.6
4498,0.06524066,66.94,65.89,69.14
4500,0.05602925,57.49,56.59,60.07
4502,0.06327561,64.92,63.91,67.2
4506,0.0716958,73.56,72.41,75.5
4507,0.08164291,83.77,82.46,85.3
4508,0.04430973,45.46,44.75,48.52
4509,0.06449768,66.17,65.14,68.41
4510,0.05288897,54.26,53.42,56.97
4512,0.0527518,54.12,53.28,56.84
4518,0.05433034,55.74,54.87,58.39
4522,0.05652498,57.99,57.09,60.55
4523,0.0537905,55.19,54.33,57.86
4524,0.05942572,60.97,60.02,63.41
4526,0.05401898,55.42,54.56,58.08
4528,0.05222565,53.58,52.75,56.32
4531,0.0514411,52.78,51.96,55.54
4532,0.06336721,65.01,64.0,67.29
4533,0.06456984,66.25,65.22,68.48
4534,0.06250649,64.13,63.13,66.45
4535,0.0612712,62.86,61.88,65.23
4536,0.05800452,59.51,58.58,62.01
4537,0.06883933,70.63,69.53,72.69
4539,0.05676542,58.24,57.33,60.79
4540,0.04737157,48.6,47.85,51.54
4541,0.05164258,52.99,52.16,55.74
4543,0.06372434,65.38,64.36,67.65
4544,0.05427522,55.69,54.82,58.34
4548,0.06026856,61.84,60.87,64.24
4550,0.05760555,59.1,58.18,61.62
4552,0.05276639,54.14,53.29,56.85
4553,0.07377223,75.69,74.51,77.55
4554,0.04307325,44.19,43.5,47.3
4556,0.0515063,52.85,52.02,55.61
4563,0.06447374,66.15,65.12,68.38
4564,0.05373715,55.13,54.27,57.81
4566,0.05593857,57.39,56.5,59.98
4567,0.06577163,67.48,66.43,69.66
4569,0.05412373,55.53,54.66,58.19
4575,0.05634784,57.81,56.91,60.38
4577,0.0771645,79.17,77.94,80.89
4578,0.07439937,76.33,75.14,78.16
4581,0.05068877,52.01,51.2,54.8
4582,0.05096512,52.29,51.47,55.08
4587,0.05397307,55.38,54.51,58.04
4588,0.05934227,60.89,59.94,63.33
4592,0.05263387,54.0,53.16,56.72
4595,0.06038419,61.95,60.99,64.36
4598,0.04320958,44.33,43.64,47.44
4601,0.06027077,61.84,60.87,64.24
4604,0.06799891,69.77,68.68,71.86
4605,0.05614013,57.6,56.7,60.17
4606,0.06774337,69.5,68.42,71.61
4607,0.05163431,52.98,52.15,55.74
4608,0.05598315,57.44,56.54,60.02
4610,0.0604152,61.99,61.02,64.39
4612,0.06466594,66.35,65.31,68.57
4613,0.05942602,60.97,60.02,63.41
4614,0.05052072,51.83,51.03,54.64
4615,0.07036413,72.19,71.07,74.19
4617,0.05253806,53.9,53.06,56.63
4618,0.05409237,55.5,54.63,58.16
4619,0.06365738,65.31,64.29,67.58
4622,0.08926656,91.59,90.16,92.81
4626,0.06793476,69.7,68.61,71.79
4628,0.05165881,53.0,52.18,55.76
4630,0.05565155,57.1,56.21,59.69
4635,0.05953472,61.08,60.13,63.52
4636,0.05571884,57.17,56.28,59.76
4643,0.05804178,59.55,58.62,62.05
4645,0.05616488,57.63,56.73,60.2
4646,0.06383944,65.5,64.48,67.76
4647,0.05028931,51.6,50.79,54.41
4654,0.04892706,50.2,49.42,53.07
4655,0.06425966,65.93,64.9,68.17
4656,0.05493682,56.37,55.49,58.99
4659,0.05137396,52.71,51.89,55.48
4660,0.05737075,58.86,57.94,61.39
4662,0.04691924,48.14,47.39,51.09
4663,0.05494659,56.38,55.5,59.0
4664,0.10407634,106.78,105.12,107.4
4665,0.04740938,48.64,47.88,51.57
4666,0.08498933,87.2,85.84,88.6
4668,0.04739699,48.63,47.87,51.56
4670,0.05952446,61.07,60.12,63.51
4671,0.05668386,58.16,57.25,60.71
4672,0.05833811,59.85,58.92,62.34
4673,0.05724199,58.73,57.81,61.26
4674,0.05778149,59.28,58.36,61.79
4679,0.05566833,57.12,56.23,59.71
4680,0.05846915,59.99,59.05,62.47
4684,0.05937321,60.92,59.97,63.36
4685,0.07088256,72.73,71.59,74.7
4686,0.06650876,68.24,67.17,70.39
4691,0.05363103,55.03,54.17,57.7
4693,0.05994797,61.51,60.55,63.93
4694,0.05277625,54.15,53.3,56.86
4695,0.0560746,57.53,56.64,60.11
4696,0.05376645,55.16,54.3,57.84
4699,0.05819201,59.71,58.77,62.2
4702,0.09559,98.08,96.55,99.04
4703,0.05312146,54.5,53.65,57.2
4704,0.05484279,56.27,55.39,58.9
4705,0.05376764,55.17,54.31,57.84
4707,0.08475598,86.96,85.6,88.37
4708,0.06489615,66.58,65.55,68.8
4709,0.05927494,60.82,59.87,63.26
4710,0.0529292,54.31,53.46,57.01
4711,0.05969131,61.24,60.29,63.67
4712,0.06922357,71.02,69.92,73.06
4713,0.05247803,53.84,53.0,56.57
4715,0.06601799,67.73,66.68,69.91
4717,0.05155957,52.9,52.08,55.66
4718,0.04939408,50.68,49.89,53.53
4719,0.05787729,59.38,58.46,61.89
4720,0.06472342,66.41,65.37,68.63
4723,0.05648041,57.95,57.05,60.51
4726,0.0543473,55.76,54.89,58.41
4727,0.054187,55.6,54.73,58.25
4732,0.0632321,64.88,63.86,67.16
4733,0.05517335,56.61,55.73,59.22
4737,0.07155838,73.42,72.27,75.36
4740,0.0754567,77.42,76.21,79.21
4742,0.0606567,62.23,61.26,64.62
4744,0.0645697,66.25,65.22,68.48
4745,0.05742531,58.92,58.0,61.44
4746,0.05340869,54.8,53.94,57.48
4747,0.05909319,60.63,59.68,63.08
4748,0.05456962,55.99,55.12,58.63
4750,0.05016837,51.47,50.67,54.29
4751,0.06123165,62.82,61.84,65.19
4753,0.06705607,68.8,67.73,70.93
4756,0.05946257,61.01,60.06,63.45
4757,0.05051079,51.82,51.02,54.63
4758,0.05150805,52.85,52.02,55.61
4759,0.05371366,55.11,54.25,57.78
4760,0.06819176,69.96,68.87,72.05
4761,0.05276844,54.14,53.3,56.85
4763,0.07075139,72.59,71.46,74.57
4764,0.08000468,82.08,80.8,83.69
4766,0.05819631,59.71,58.78,62.2
4770,0.06474146,66.42,65.39,68.65
4771,0.07404784,75.97,74.79,77.82
4772,0.05224636,53.6,52.77,56.34
4773,0.07672438,78.72,77.49,80.45
4774,0.06208355,63.7,62.7,66.03
4776,0.06005889,61.62,60.66,64.04
4777,0.06845774,70.24,69.14,72.31
4779,0.05828977,59.81,58.87,62.29
4781,0.07947816,81.54,80.27,83.17
4782,0.05916095,60.7,59.75,63.15
4783,0.05605723,57.51,56.62,60.09
4784,0.04401463,45.16,44.45,48.23
4786,0.0664525,68.18,67.12,70.33
4787,0.05778757,59.29,58.37,61.8
4789,0.05255427,53.92,53.08,56.64
4790,0.05628299,57.75,56.85,60.32
4791,0.04819012,49.44,48.67,52.34
4793,0.08495043,87.16,85.8,88.56
4794,0.0519584,53.31,52.48,56.05
4796,0.05564386,57.09,56.2,59.69
4798,0.05684618,58.32,57.41,60.87
